Active,Name,Task Nesting,Actual Dates Enabled,Actual Start,Actual End,Planned Dates Enabled,Planned Start,Planned End,Task Type,Attached,Script,Data Source,Synchronization ID,Display ID,Animation,Animation Behavior,Provided Progress %,Comments,Material Cost,Labor Cost,Equipment Cost,Subcontractor Cost,User 1,User 2,User 3,User 4,User 5,User 6,User 7,User 8,User 9,User 10
1,CONSTRUCTION,0,1,,,1,07/07/2023,30/10/2023,,,,,,,,Scale,0.0%,0,0.000000,0.000000,0.000000,0.000000,,,,,,,,,,
1,DEMOLITION WORKS,1,1,,,1,07/07/2023,18/07/2023,,,,,,,,Scale,0.0%,0,0.000000,0.000000,0.000000,0.000000,,,,,,,,,,
1,HPDA.CON..DM.10000,2,1,,,1,07/07/2023,18/07/2023,,,,,,Demoltion of Existing Groyens & Segregation of the Rocks,,Scale,0.0%,0,0.000000,0.000000,0.000000,0.000000,,,,,,,,,,
1,10.10 P3 - EXISTING SOUTH GROYNE - CUT,3,1,,,1,,,Construct,,,,,eecb7914-f52d-56d8-87f5-50f33496afce,,Scale,0.0%,0,0.000000,0.000000,0.000000,0.000000,hidden,,,,,,,,,
1,ROCKWORKS- GROYENS,1,1,,,1,01/08/2023,10/09/2023,,,,,,,,Scale,0.0%,0,0.000000,0.000000,0.000000,0.000000,,,,,,,,,,
1,NORTH GROYNE,2,1,,,1,01/08/2023,10/09/2023,,,,,,,,Scale,0.0%,0,0.000000,0.000000,0.000000,0.000000,,,,,,,,,,
1,HPDA.CON.NG.10000,3,1,,,1,01/08/2023,19/08/2023,,,,,,Toe Excavation for North Groyne,,Scale,0.0%,0,0.000000,0.000000,0.000000,0.000000,,,,,,,,,,
1,HPDA.CON.NG.10010,3,1,,,1,04/08/2023,22/08/2023,,,,,,Laying of Geotextile for North Groyne,,Scale,0.0%,0,0.000000,0.000000,0.000000,0.000000,,,,,,,,,,
1,HPDA.CON.NG.10020,3,1,,,1,05/08/2023,23/08/2023,,,,,,Placing of Quarry Run (1-1000kg) for North Groyne,,Scale,0.0%,0,0.000000,0.000000,0.000000,0.000000,,,,,,,,,,
1,11.10 P3 - NORTH GROYNE QR,4,1,,,1,,,Construct,,,,,2a372895-ea2b-530f-809e-476110e41989,,Scale,0.0%,0,0.000000,0.000000,0.000000,0.000000,hidden,,,,,,,,,
1,HPDA.CON.NG.10030,3,1,,,1,16/08/2023,26/08/2023,,,,,,Profiling of  Quarry Run (1-1000kg) for North Groyne,,Scale,0.0%,0,0.000000,0.000000,0.000000,0.000000,,,,,,,,,,
1,HPDA.CON.NG.10040,3,1,,,1,26/08/2023,10/09/2023,,,,,,Installation of Armour Rock (0.3 to 1T) for North Groyne,,Scale,0.0%,0,0.000000,0.000000,0.000000,0.000000,,,,,,,,,,
1,11.20 P3 - NORTH GROYNE AR,4,1,,,1,,,Construct,,,,,35ea248e-1d12-5289-9f67-fa23fe6e16d4,,Scale,0.0%,0,0.000000,0.000000,0.000000,0.000000,hidden,,,,,,,,,
1,BEACH WORKS,1,1,,,1,04/07/2023,25/10/2023,,,,,,,,Scale,0.0%,0,0.000000,0.000000,0.000000,0.000000,,,,,,,,,,
1,NORTH SIDE BEACH,2,1,,,1,04/07/2023,25/10/2023,,,,,,,,Scale,0.0%,0,0.000000,0.000000,0.000000,0.000000,,,,,,,,,,
1,BEACH PROFILING WORKS,3,1,,,1,04/07/2023,02/10/2023,,,,,,,,Scale,0.0%,0,0.000000,0.000000,0.000000,0.000000,,,,,,,,,,
1,HPDA.CON.BW.NS.BP.10000,4,1,,,1,04/07/2023,02/10/2023,,,,,,Earthwork (Cut & Fill) for Native Soil as per Required Profile,,Scale,0.0%,0,0.000000,0.000000,0.000000,0.000000,,,,,,,,,,
1,12.00 P3 - BEACH RECLAMATION - FILL-B,5,1,,,1,,,Construct,,,,,06ae2fdd-6509-5f30-8b5d-078349ed26a9,,Scale,0.0%,0,0.000000,0.000000,0.000000,0.000000,hidden,,,,,,,,,
1,12.00 P3 - BEACH RECLAMATION - FILL-A,5,1,,,1,,,Construct,,,,,5b13ebff-0c32-5856-b206-31a71a1dfe50,,Scale,0.0%,0,0.000000,0.000000,0.000000,0.000000,hidden,,,,,,,,,
1,BEACH SAND FILLING WORKS,3,1,,,1,18/08/2023,25/10/2023,,,,,,,,Scale,0.0%,0,0.000000,0.000000,0.000000,0.000000,,,,,,,,,,
1,HPDA.CON.BW.NS.BS.10000,4,1,,,1,18/08/2023,25/10/2023,,,,,,Filling of Beach Sand Material,,Scale,0.0%,0,0.000000,0.000000,0.000000,0.000000,,,,,,,,,,
1,13.00 P3 - BEACH QUALITY SAND,5,1,,,1,,,Construct,,,,,5a86f44c-5fdc-5413-8078-2fe157311d37,,Scale,0.0%,0,0.000000,0.000000,0.000000,0.000000,hidden,,,,,,,,,
1,COAST PIER,1,1,,,1,30/06/2023,30/10/2023,,,,,,,,Scale,0.0%,0,0.000000,0.000000,0.000000,0.000000,,,,,,,,,,
1,HPDA.CON.CP.10000,2,1,,,1,30/06/2023,14/07/2023,,,,,,Construction of Sand Bund for Piling Works,,Scale,0.0%,0,0.000000,0.000000,0.000000,0.000000,,,,,,,,,,
1,HPDA.CON.CP.10010,2,1,,,1,15/07/2023,24/08/2023,,,,,,Installation of 762mm dia. Steel Tubular Piles,,Scale,0.0%,0,0.000000,0.000000,0.000000,0.000000,,,,,,,,,,
1,00 PILES-9,3,1,,,1,,,Construct,,,,,26a6e1a6-31ac-58aa-90bc-be5d8e5c9cc6,,Scale,0.0%,0,0.000000,0.000000,0.000000,0.000000,hidden,,,,,,,,,
1,00 PILES-58,3,1,,,1,,,Construct,,,,,2837b40a-c524-57d4-b2b8-75987cf1d629,,Scale,0.0%,0,0.000000,0.000000,0.000000,0.000000,hidden,,,,,,,,,
1,00 PILES-75,3,1,,,1,,,Construct,,,,,7c1bdba4-de14-5a69-9fbf-f59c20cff179,,Scale,0.0%,0,0.000000,0.000000,0.000000,0.000000,hidden,,,,,,,,,
1,00 PILES-10,3,1,,,1,,,Construct,,,,,e00e3269-275a-592e-8c09-f742761eef9e,,Scale,0.0%,0,0.000000,0.000000,0.000000,0.000000,hidden,,,,,,,,,
1,00 PILES-57,3,1,,,1,,,Construct,,,,,0e3bc7dc-e622-59cf-9628-b80ff1eea2f8,,Scale,0.0%,0,0.000000,0.000000,0.000000,0.000000,hidden,,,,,,,,,
1,00 PILES-76,3,1,,,1,,,Construct,,,,,cd5f36ef-0aba-5aa3-9bc6-2644cf3832a7,,Scale,0.0%,0,0.000000,0.000000,0.000000,0.000000,hidden,,,,,,,,,
1,00 PILES-11,3,1,,,1,,,Construct,,,,,c1ec8cfc-29ec-5e67-850a-04724d7dcd84,,Scale,0.0%,0,0.000000,0.000000,0.000000,0.000000,hidden,,,,,,,,,
1,00 PILES-56,3,1,,,1,,,Construct,,,,,42cecac6-0c2d-5ca5-bdf2-9cfa7bfe9b4f,,Scale,0.0%,0,0.000000,0.000000,0.000000,0.000000,hidden,,,,,,,,,
1,00 PILES-77,3,1,,,1,,,Construct,,,,,9d141a12-a802-5e50-bd63-150425dfd5cb,,Scale,0.0%,0,0.000000,0.000000,0.000000,0.000000,hidden,,,,,,,,,
1,00 PILES-12,3,1,,,1,,,Construct,,,,,761b0926-da45-570c-8eb9-475d12d22ac1,,Scale,0.0%,0,0.000000,0.000000,0.000000,0.000000,hidden,,,,,,,,,
1,00 PILES-55,3,1,,,1,,,Construct,,,,,924617ee-2399-5c6b-b435-5b6d41490112,,Scale,0.0%,0,0.000000,0.000000,0.000000,0.000000,hidden,,,,,,,,,
1,00 PILES-78,3,1,,,1,,,Construct,,,,,0f0b2c59-16e8-5165-9579-6a74d162361c,,Scale,0.0%,0,0.000000,0.000000,0.000000,0.000000,hidden,,,,,,,,,
1,00 PILES-13,3,1,,,1,,,Construct,,,,,5cb6541c-01c3-5187-b439-1cf6b74d1aea,,Scale,0.0%,0,0.000000,0.000000,0.000000,0.000000,hidden,,,,,,,,,
1,00 PILES-54,3,1,,,1,,,Construct,,,,,c28109cc-fd8a-5c7b-a12d-e781aae40a57,,Scale,0.0%,0,0.000000,0.000000,0.000000,0.000000,hidden,,,,,,,,,
1,00 PILES-79,3,1,,,1,,,Construct,,,,,de07f180-b2e9-5963-8886-9c577895d79d,,Scale,0.0%,0,0.000000,0.000000,0.000000,0.000000,hidden,,,,,,,,,
1,00 PILES-14,3,1,,,1,,,Construct,,,,,b9f216de-8a38-5b35-9853-8da6f7480fee,,Scale,0.0%,0,0.000000,0.000000,0.000000,0.000000,hidden,,,,,,,,,
1,00 PILES-53,3,1,,,1,,,Construct,,,,,881a721a-aefe-5076-83dd-37b333335f01,,Scale,0.0%,0,0.000000,0.000000,0.000000,0.000000,hidden,,,,,,,,,
1,00 PILES-80,3,1,,,1,,,Construct,,,,,2fa0bad5-ecf9-52e9-8986-24d48b7a7af6,,Scale,0.0%,0,0.000000,0.000000,0.000000,0.000000,hidden,,,,,,,,,
1,00 PILES-15,3,1,,,1,,,Construct,,,,,24d352f2-e247-5ceb-9e9c-478051e103f4,,Scale,0.0%,0,0.000000,0.000000,0.000000,0.000000,hidden,,,,,,,,,
1,00 PILES-52,3,1,,,1,,,Construct,,,,,207bbc18-7524-5cb9-8d77-ba2118af3584,,Scale,0.0%,0,0.000000,0.000000,0.000000,0.000000,hidden,,,,,,,,,
1,00 PILES-81,3,1,,,1,,,Construct,,,,,f54fcefc-5398-51b3-9008-4918d7689699,,Scale,0.0%,0,0.000000,0.000000,0.000000,0.000000,hidden,,,,,,,,,
1,00 PILES-16,3,1,,,1,,,Construct,,,,,bad18615-9b7f-54f6-af77-5ad5566078cd,,Scale,0.0%,0,0.000000,0.000000,0.000000,0.000000,hidden,,,,,,,,,
1,00 PILES-51,3,1,,,1,,,Construct,,,,,5dc17ebc-ae77-5766-a244-eb10fffd49e2,,Scale,0.0%,0,0.000000,0.000000,0.000000,0.000000,hidden,,,,,,,,,
1,00 PILES-82,3,1,,,1,,,Construct,,,,,83d99bed-d351-56aa-9b55-980efdaa6e1b,,Scale,0.0%,0,0.000000,0.000000,0.000000,0.000000,hidden,,,,,,,,,
1,00 PILES-17,3,1,,,1,,,Construct,,,,,00f54409-b833-5ebb-8d6b-527b59bb923d,,Scale,0.0%,0,0.000000,0.000000,0.000000,0.000000,hidden,,,,,,,,,
1,00 PILES-50,3,1,,,1,,,Construct,,,,,294525b2-6364-53b9-8c2f-809625e51038,,Scale,0.0%,0,0.000000,0.000000,0.000000,0.000000,hidden,,,,,,,,,
1,00 PILES-83,3,1,,,1,,,Construct,,,,,dc05524e-da62-51b7-bf40-41dd1396bed7,,Scale,0.0%,0,0.000000,0.000000,0.000000,0.000000,hidden,,,,,,,,,
1,00 PILES-18,3,1,,,1,,,Construct,,,,,7bf79241-2bbb-5c71-b7db-c553fba854d9,,Scale,0.0%,0,0.000000,0.000000,0.000000,0.000000,hidden,,,,,,,,,
1,00 PILES-49,3,1,,,1,,,Construct,,,,,5e601ab2-0a3c-53d1-a276-bf91cc932099,,Scale,0.0%,0,0.000000,0.000000,0.000000,0.000000,hidden,,,,,,,,,
1,00 PILES-84,3,1,,,1,,,Construct,,,,,72ab482f-2eef-5704-8a0e-fed67eed70ee,,Scale,0.0%,0,0.000000,0.000000,0.000000,0.000000,hidden,,,,,,,,,
1,00 PILES-19,3,1,,,1,,,Construct,,,,,83c6fef2-9a11-5291-9ba4-0186f61331db,,Scale,0.0%,0,0.000000,0.000000,0.000000,0.000000,hidden,,,,,,,,,
1,00 PILES-48,3,1,,,1,,,Construct,,,,,018a8c3d-e0ba-5d37-b384-ab79eef529ea,,Scale,0.0%,0,0.000000,0.000000,0.000000,0.000000,hidden,,,,,,,,,
1,00 PILES-85,3,1,,,1,,,Construct,,,,,392db19e-46dc-5da7-bee8-e174ab1a7008,,Scale,0.0%,0,0.000000,0.000000,0.000000,0.000000,hidden,,,,,,,,,
1,00 PILES-20,3,1,,,1,,,Construct,,,,,170050db-e645-53b6-9df3-bfb1d6afe607,,Scale,0.0%,0,0.000000,0.000000,0.000000,0.000000,hidden,,,,,,,,,
1,00 PILES-47,3,1,,,1,,,Construct,,,,,a1ee42ea-ba75-5a4f-b26d-f55c21ea3403,,Scale,0.0%,0,0.000000,0.000000,0.000000,0.000000,hidden,,,,,,,,,
1,00 PILES-86,3,1,,,1,,,Construct,,,,,818fd5d5-b5da-5418-947d-22413afaa954,,Scale,0.0%,0,0.000000,0.000000,0.000000,0.000000,hidden,,,,,,,,,
1,00 PILES-21,3,1,,,1,,,Construct,,,,,08d3085d-7b72-55ce-967a-85ca87499558,,Scale,0.0%,0,0.000000,0.000000,0.000000,0.000000,hidden,,,,,,,,,
1,00 PILES-46,3,1,,,1,,,Construct,,,,,1c3ab40d-2346-5435-9bba-4f374d211ad7,,Scale,0.0%,0,0.000000,0.000000,0.000000,0.000000,hidden,,,,,,,,,
1,00 PILES-87,3,1,,,1,,,Construct,,,,,ad0e01f4-12a2-507a-988d-2494898ce852,,Scale,0.0%,0,0.000000,0.000000,0.000000,0.000000,hidden,,,,,,,,,
1,00 PILES-22,3,1,,,1,,,Construct,,,,,267ba924-350a-5dfe-a482-54dd39d90a60,,Scale,0.0%,0,0.000000,0.000000,0.000000,0.000000,hidden,,,,,,,,,
1,00 PILES-45,3,1,,,1,,,Construct,,,,,02c2766e-20c8-5c41-ab1e-3c1cb3d08667,,Scale,0.0%,0,0.000000,0.000000,0.000000,0.000000,hidden,,,,,,,,,
1,00 PILES-88,3,1,,,1,,,Construct,,,,,89fe876c-f731-5cbc-a36e-5fe9e205d9e9,,Scale,0.0%,0,0.000000,0.000000,0.000000,0.000000,hidden,,,,,,,,,
1,00 PILES-23,3,1,,,1,,,Construct,,,,,082aa5ae-2929-57cd-a271-e53c90ca7899,,Scale,0.0%,0,0.000000,0.000000,0.000000,0.000000,hidden,,,,,,,,,
1,00 PILES-44,3,1,,,1,,,Construct,,,,,0e9f4381-598a-5e44-9017-25e86141bd5a,,Scale,0.0%,0,0.000000,0.000000,0.000000,0.000000,hidden,,,,,,,,,
1,00 PILES-89,3,1,,,1,,,Construct,,,,,1633c226-4bd2-53bc-9c8e-0daec6c562dd,,Scale,0.0%,0,0.000000,0.000000,0.000000,0.000000,hidden,,,,,,,,,
1,00 PILES-24,3,1,,,1,,,Construct,,,,,6ff7f299-3aeb-5b7a-9fbc-e871f713473e,,Scale,0.0%,0,0.000000,0.000000,0.000000,0.000000,hidden,,,,,,,,,
1,00 PILES-43,3,1,,,1,,,Construct,,,,,0e11a363-3521-5d5d-93f3-991d12377be9,,Scale,0.0%,0,0.000000,0.000000,0.000000,0.000000,hidden,,,,,,,,,
1,00 PILES-90,3,1,,,1,,,Construct,,,,,adbd2e33-36ad-5e91-adf3-e8029bac093f,,Scale,0.0%,0,0.000000,0.000000,0.000000,0.000000,hidden,,,,,,,,,
1,00 PILES-73,3,1,,,1,,,Construct,,,,,85bc3258-4025-5bcb-bb7d-bbc1eb6f3bd8,,Scale,0.0%,0,0.000000,0.000000,0.000000,0.000000,hidden,,,,,,,,,
1,00 PILES-60,3,1,,,1,,,Construct,,,,,e4821cd6-4e41-5081-b6c0-d7a528eac309,,Scale,0.0%,0,0.000000,0.000000,0.000000,0.000000,hidden,,,,,,,,,
1,00 PILES-7,3,1,,,1,,,Construct,,,,,e87c1167-49ac-538a-b125-0087a5a13d41,,Scale,0.0%,0,0.000000,0.000000,0.000000,0.000000,hidden,,,,,,,,,
1,00 PILES-72,3,1,,,1,,,Construct,,,,,3a9fa087-2940-5202-94c2-57784ed903f0,,Scale,0.0%,0,0.000000,0.000000,0.000000,0.000000,hidden,,,,,,,,,
1,00 PILES-61,3,1,,,1,,,Construct,,,,,341ff738-e522-5c4d-a2d3-54c734b09585,,Scale,0.0%,0,0.000000,0.000000,0.000000,0.000000,hidden,,,,,,,,,
1,00 PILES-6,3,1,,,1,,,Construct,,,,,db9c9e66-4a59-5a1c-bc04-be18cb4ad5d0,,Scale,0.0%,0,0.000000,0.000000,0.000000,0.000000,hidden,,,,,,,,,
1,00 PILES-71,3,1,,,1,,,Construct,,,,,66660b9b-ccf0-5cc9-bcc2-f00ab6084b4d,,Scale,0.0%,0,0.000000,0.000000,0.000000,0.000000,hidden,,,,,,,,,
1,00 PILES-62,3,1,,,1,,,Construct,,,,,69092b76-90c9-51e0-91e4-8d15a921f9f8,,Scale,0.0%,0,0.000000,0.000000,0.000000,0.000000,hidden,,,,,,,,,
1,00 PILES-5,3,1,,,1,,,Construct,,,,,aeb88b9f-f607-55a7-a9e6-c90c156e3d70,,Scale,0.0%,0,0.000000,0.000000,0.000000,0.000000,hidden,,,,,,,,,
1,00 PILES-70,3,1,,,1,,,Construct,,,,,1a128579-519e-55a1-b402-29569398c659,,Scale,0.0%,0,0.000000,0.000000,0.000000,0.000000,hidden,,,,,,,,,
1,00 PILES-63,3,1,,,1,,,Construct,,,,,f9252c0d-9f7a-51d7-80ad-2408bf451363,,Scale,0.0%,0,0.000000,0.000000,0.000000,0.000000,hidden,,,,,,,,,
1,00 PILES-4,3,1,,,1,,,Construct,,,,,62dd1300-3562-550c-9e5f-cb23ed8a8388,,Scale,0.0%,0,0.000000,0.000000,0.000000,0.000000,hidden,,,,,,,,,
1,00 PILES-69,3,1,,,1,,,Construct,,,,,cb390ece-dbea-5e4a-9b96-4c5e32e35d1d,,Scale,0.0%,0,0.000000,0.000000,0.000000,0.000000,hidden,,,,,,,,,
1,00 PILES-64,3,1,,,1,,,Construct,,,,,6d1d4599-e438-59b3-ba70-71df275bfec2,,Scale,0.0%,0,0.000000,0.000000,0.000000,0.000000,hidden,,,,,,,,,
1,00 PILES-3,3,1,,,1,,,Construct,,,,,76eeb8d6-4eb9-5f59-b990-8de836646bb6,,Scale,0.0%,0,0.000000,0.000000,0.000000,0.000000,hidden,,,,,,,,,
1,00 PILES-68,3,1,,,1,,,Construct,,,,,5387c9e5-af79-5c75-8629-daf01321aaab,,Scale,0.0%,0,0.000000,0.000000,0.000000,0.000000,hidden,,,,,,,,,
1,00 PILES-65,3,1,,,1,,,Construct,,,,,cf44514e-88e5-5f57-bbcb-36b7067ec83b,,Scale,0.0%,0,0.000000,0.000000,0.000000,0.000000,hidden,,,,,,,,,
1,00 PILES-2,3,1,,,1,,,Construct,,,,,d5a0677e-fb11-5f10-9826-33aee4be07f2,,Scale,0.0%,0,0.000000,0.000000,0.000000,0.000000,hidden,,,,,,,,,
1,00 PILES-67,3,1,,,1,,,Construct,,,,,2d390fff-49fb-594d-a502-21bf10677a97,,Scale,0.0%,0,0.000000,0.000000,0.000000,0.000000,hidden,,,,,,,,,
1,00 PILES-66,3,1,,,1,,,Construct,,,,,a29a7f4f-cf47-5129-a9e2-e6f4336970d7,,Scale,0.0%,0,0.000000,0.000000,0.000000,0.000000,hidden,,,,,,,,,
1,00 PILES-1,3,1,,,1,,,Construct,,,,,504de16e-ac0c-56e8-9821-6f3bb333417c,,Scale,0.0%,0,0.000000,0.000000,0.000000,0.000000,hidden,,,,,,,,,
1,00 PILES-74,3,1,,,1,,,Construct,,,,,da7f5b54-557d-591e-9756-16b155d82757,,Scale,0.0%,0,0.000000,0.000000,0.000000,0.000000,hidden,,,,,,,,,
1,00 PILES-59,3,1,,,1,,,Construct,,,,,34a4b26e-d964-52b8-a0de-71105ff73f65,,Scale,0.0%,0,0.000000,0.000000,0.000000,0.000000,hidden,,,,,,,,,
1,00 PILES-8,3,1,,,1,,,Construct,,,,,9a19dcb8-aec9-5562-b15b-1da342405087,,Scale,0.0%,0,0.000000,0.000000,0.000000,0.000000,hidden,,,,,,,,,
1,00 PILES-25,3,1,,,1,,,Construct,,,,,2d535600-bc9f-5794-ae21-58c40ecebf58,,Scale,0.0%,0,0.000000,0.000000,0.000000,0.000000,hidden,,,,,,,,,
1,00 PILES-42,3,1,,,1,,,Construct,,,,,d8fb18d7-6db5-57ac-a425-89109bc79c12,,Scale,0.0%,0,0.000000,0.000000,0.000000,0.000000,hidden,,,,,,,,,
1,00 PILES-91,3,1,,,1,,,Construct,,,,,db24b20b-4969-5113-b122-f13faa72ca06,,Scale,0.0%,0,0.000000,0.000000,0.000000,0.000000,hidden,,,,,,,,,
1,00 PILES-26,3,1,,,1,,,Construct,,,,,6a158b31-a98d-54e6-930a-b42c7957999b,,Scale,0.0%,0,0.000000,0.000000,0.000000,0.000000,hidden,,,,,,,,,
1,00 PILES-41,3,1,,,1,,,Construct,,,,,4a42c410-335e-5477-a5dd-04ea82827faf,,Scale,0.0%,0,0.000000,0.000000,0.000000,0.000000,hidden,,,,,,,,,
1,00 PILES-92,3,1,,,1,,,Construct,,,,,53f10e26-1e6d-5f68-89c6-7bf938284667,,Scale,0.0%,0,0.000000,0.000000,0.000000,0.000000,hidden,,,,,,,,,
1,00 PILES-27,3,1,,,1,,,Construct,,,,,101b7572-318b-5dba-b6c7-22183c417282,,Scale,0.0%,0,0.000000,0.000000,0.000000,0.000000,hidden,,,,,,,,,
1,00 PILES-40,3,1,,,1,,,Construct,,,,,73fb5a10-3599-5f96-aa27-ca4d123c92ab,,Scale,0.0%,0,0.000000,0.000000,0.000000,0.000000,hidden,,,,,,,,,
1,00 PILES-93,3,1,,,1,,,Construct,,,,,553b8ba3-b705-54e5-9db0-d25db098b5df,,Scale,0.0%,0,0.000000,0.000000,0.000000,0.000000,hidden,,,,,,,,,
1,00 PILES-28,3,1,,,1,,,Construct,,,,,f2457739-0fcf-53a4-b34d-5b7dede2f1b3,,Scale,0.0%,0,0.000000,0.000000,0.000000,0.000000,hidden,,,,,,,,,
1,00 PILES-39,3,1,,,1,,,Construct,,,,,cdf6424c-bb53-56e6-a2a0-bf9a8b8530e4,,Scale,0.0%,0,0.000000,0.000000,0.000000,0.000000,hidden,,,,,,,,,
1,00 PILES-94,3,1,,,1,,,Construct,,,,,2cf21a0e-e8ef-5321-9060-bd4967276f42,,Scale,0.0%,0,0.000000,0.000000,0.000000,0.000000,hidden,,,,,,,,,
1,00 PILES-29,3,1,,,1,,,Construct,,,,,958cf7a7-6015-5a94-980b-b612223b7b04,,Scale,0.0%,0,0.000000,0.000000,0.000000,0.000000,hidden,,,,,,,,,
1,00 PILES-38,3,1,,,1,,,Construct,,,,,8b8413e8-72e8-5bd9-985f-46cd453b9c06,,Scale,0.0%,0,0.000000,0.000000,0.000000,0.000000,hidden,,,,,,,,,
1,00 PILES-95,3,1,,,1,,,Construct,,,,,b3f4bcf4-d981-5bd9-8b33-ea564188e72f,,Scale,0.0%,0,0.000000,0.000000,0.000000,0.000000,hidden,,,,,,,,,
1,00 PILES-30,3,1,,,1,,,Construct,,,,,209ebc75-5743-5f14-b8cb-0b559daf8001,,Scale,0.0%,0,0.000000,0.000000,0.000000,0.000000,hidden,,,,,,,,,
1,00 PILES-37,3,1,,,1,,,Construct,,,,,8efc6c85-aef6-5274-9f69-b5dc282f5545,,Scale,0.0%,0,0.000000,0.000000,0.000000,0.000000,hidden,,,,,,,,,
1,00 PILES-96,3,1,,,1,,,Construct,,,,,a5707f8d-d43d-5d2d-aa47-4e9067ac3064,,Scale,0.0%,0,0.000000,0.000000,0.000000,0.000000,hidden,,,,,,,,,
1,00 PILES-31,3,1,,,1,,,Construct,,,,,b93277fa-a96d-5291-838d-bae7c19fe758,,Scale,0.0%,0,0.000000,0.000000,0.000000,0.000000,hidden,,,,,,,,,
1,00 PILES-36,3,1,,,1,,,Construct,,,,,103d3267-2981-5111-98fe-c7dbe9fb8af3,,Scale,0.0%,0,0.000000,0.000000,0.000000,0.000000,hidden,,,,,,,,,
1,00 PILES-97,3,1,,,1,,,Construct,,,,,3fc37f89-2492-55b3-ba54-fe15020171e8,,Scale,0.0%,0,0.000000,0.000000,0.000000,0.000000,hidden,,,,,,,,,
1,00 PILES-32,3,1,,,1,,,Construct,,,,,6ba6e9ee-76ff-5c55-8486-25a22815b793,,Scale,0.0%,0,0.000000,0.000000,0.000000,0.000000,hidden,,,,,,,,,
1,00 PILES-35,3,1,,,1,,,Construct,,,,,f3bce0be-78ee-5344-9fc3-7d2a39ca4626,,Scale,0.0%,0,0.000000,0.000000,0.000000,0.000000,hidden,,,,,,,,,
1,00 PILES-98,3,1,,,1,,,Construct,,,,,8e83ef80-4122-5514-be2e-075d15366aba,,Scale,0.0%,0,0.000000,0.000000,0.000000,0.000000,hidden,,,,,,,,,
1,00 PILES-33,3,1,,,1,,,Construct,,,,,6f54298d-38b1-5433-b0b1-9991d631eba8,,Scale,0.0%,0,0.000000,0.000000,0.000000,0.000000,hidden,,,,,,,,,
1,00 PILES-34,3,1,,,1,,,Construct,,,,,2d852b4c-359d-54d7-bca6-3ed922b9dba0,,Scale,0.0%,0,0.000000,0.000000,0.000000,0.000000,hidden,,,,,,,,,
1,00 PILES-99,3,1,,,1,,,Construct,,,,,f13c2e5e-e979-5435-a9e2-b27f6448abb2,,Scale,0.0%,0,0.000000,0.000000,0.000000,0.000000,hidden,,,,,,,,,
1,HPDA.CON.CP.10011,2,1,,,1,01/08/2023,31/08/2023,,,,,,Cutting of Piles to the required Level,,Scale,0.0%,0,0.000000,0.000000,0.000000,0.000000,,,,,,,,,,
1,HPDA.CON.CP.10040,2,1,,,1,26/08/2023,02/09/2023,,,,,,Installation of Precast Pile Cap Beam,,Scale,0.0%,0,0.000000,0.000000,0.000000,0.000000,,,,,,,,,,
1,00 BEAMS PC1-31,3,1,,,1,,,Construct,,,,,9d9d3b21-faf0-527c-b584-5778660b488a,,Scale,0.0%,0,0.000000,0.000000,0.000000,0.000000,hidden,,,,,,,,,
1,00 BEAMS PC1-30,3,1,,,1,,,Construct,,,,,a780740e-6635-5c68-a0c0-9be2fa178b75,,Scale,0.0%,0,0.000000,0.000000,0.000000,0.000000,hidden,,,,,,,,,
1,00 BEAMS PC1-29,3,1,,,1,,,Construct,,,,,532e6328-ed4a-5bea-832b-314cc0a45cab,,Scale,0.0%,0,0.000000,0.000000,0.000000,0.000000,hidden,,,,,,,,,
1,00 BEAMS PC1-28,3,1,,,1,,,Construct,,,,,a3661a19-02d2-5ec4-969a-428c912f0d67,,Scale,0.0%,0,0.000000,0.000000,0.000000,0.000000,hidden,,,,,,,,,
1,00 BEAMS PC1-27,3,1,,,1,,,Construct,,,,,8498c826-c8fd-51d8-936c-c0e11a98f44c,,Scale,0.0%,0,0.000000,0.000000,0.000000,0.000000,hidden,,,,,,,,,
1,00 BEAMS PC1-26,3,1,,,1,,,Construct,,,,,41eae8d0-c3df-5a93-a594-7a14ceb41ec9,,Scale,0.0%,0,0.000000,0.000000,0.000000,0.000000,hidden,,,,,,,,,
1,00 BEAMS PC1-25,3,1,,,1,,,Construct,,,,,16705589-05ef-51cd-b91d-36dba9919654,,Scale,0.0%,0,0.000000,0.000000,0.000000,0.000000,hidden,,,,,,,,,
1,00 BEAMS PC1-24,3,1,,,1,,,Construct,,,,,534f83fa-5541-5e9b-ac7b-b6f378791926,,Scale,0.0%,0,0.000000,0.000000,0.000000,0.000000,hidden,,,,,,,,,
1,00 BEAMS PC1-23,3,1,,,1,,,Construct,,,,,283148e0-f409-5707-bedc-388ac8b1df24,,Scale,0.0%,0,0.000000,0.000000,0.000000,0.000000,hidden,,,,,,,,,
1,00 BEAMS PC1-22,3,1,,,1,,,Construct,,,,,61bf6860-5950-58fd-bce0-cee8009b2ceb,,Scale,0.0%,0,0.000000,0.000000,0.000000,0.000000,hidden,,,,,,,,,
1,00 BEAMS PC1-21,3,1,,,1,,,Construct,,,,,d19d4910-b266-53c7-a26e-829feb8907bf,,Scale,0.0%,0,0.000000,0.000000,0.000000,0.000000,hidden,,,,,,,,,
1,00 BEAMS PC1-20,3,1,,,1,,,Construct,,,,,c548e204-a1ba-5e1f-89cd-f9aa7e4f00cd,,Scale,0.0%,0,0.000000,0.000000,0.000000,0.000000,hidden,,,,,,,,,
1,00 BEAMS PC1-19,3,1,,,1,,,Construct,,,,,07c0d5aa-626c-5434-beb7-95510bf66e93,,Scale,0.0%,0,0.000000,0.000000,0.000000,0.000000,hidden,,,,,,,,,
1,00 BEAMS PC1-18,3,1,,,1,,,Construct,,,,,b692eaeb-9598-5a2b-8f8a-0295d36f0673,,Scale,0.0%,0,0.000000,0.000000,0.000000,0.000000,hidden,,,,,,,,,
1,00 BEAMS PC1-17,3,1,,,1,,,Construct,,,,,d8157abf-22fd-527b-8146-e1d5ae9f5ce0,,Scale,0.0%,0,0.000000,0.000000,0.000000,0.000000,hidden,,,,,,,,,
1,00 BEAMS PC1-16,3,1,,,1,,,Construct,,,,,9f755979-913b-5b26-84ea-4fe344a1ceec,,Scale,0.0%,0,0.000000,0.000000,0.000000,0.000000,hidden,,,,,,,,,
1,00 BEAMS PC1-15,3,1,,,1,,,Construct,,,,,ab5434fe-52e9-56a4-9c86-88c4b004bf99,,Scale,0.0%,0,0.000000,0.000000,0.000000,0.000000,hidden,,,,,,,,,
1,00 BEAMS PC1-14,3,1,,,1,,,Construct,,,,,41a042f6-0966-5039-89a0-f5e3181d0d15,,Scale,0.0%,0,0.000000,0.000000,0.000000,0.000000,hidden,,,,,,,,,
1,00 BEAMS PC1-13,3,1,,,1,,,Construct,,,,,b7ff7ddc-e57b-59bd-8a77-3606daa77014,,Scale,0.0%,0,0.000000,0.000000,0.000000,0.000000,hidden,,,,,,,,,
1,00 BEAMS PC1-12,3,1,,,1,,,Construct,,,,,1f7a4a50-ae6f-5f9b-9d91-8ac33a1a780c,,Scale,0.0%,0,0.000000,0.000000,0.000000,0.000000,hidden,,,,,,,,,
1,00 BEAMS PC1-11,3,1,,,1,,,Construct,,,,,e7f25a82-d398-504f-acaa-b3dc75e0f802,,Scale,0.0%,0,0.000000,0.000000,0.000000,0.000000,hidden,,,,,,,,,
1,00 BEAMS PC1-10,3,1,,,1,,,Construct,,,,,c40cda90-7c61-5cbc-a396-e0744d7bdbcd,,Scale,0.0%,0,0.000000,0.000000,0.000000,0.000000,hidden,,,,,,,,,
1,00 BEAMS PC1-9,3,1,,,1,,,Construct,,,,,46dae681-e76b-5e0a-8cb0-17a205d87e2c,,Scale,0.0%,0,0.000000,0.000000,0.000000,0.000000,hidden,,,,,,,,,
1,00 BEAMS PC1-8,3,1,,,1,,,Construct,,,,,d7390b29-480e-50bb-a313-a32bb4d8f32c,,Scale,0.0%,0,0.000000,0.000000,0.000000,0.000000,hidden,,,,,,,,,
1,00 BEAMS PC1-7,3,1,,,1,,,Construct,,,,,125649ae-d3de-5bbd-a251-a1b51c2947ab,,Scale,0.0%,0,0.000000,0.000000,0.000000,0.000000,hidden,,,,,,,,,
1,00 BEAMS PC1-6,3,1,,,1,,,Construct,,,,,e60be05c-029b-553a-8506-21e7299551dc,,Scale,0.0%,0,0.000000,0.000000,0.000000,0.000000,hidden,,,,,,,,,
1,00 BEAMS PC1-5,3,1,,,1,,,Construct,,,,,d18eefcc-5092-5cec-b753-21397776874f,,Scale,0.0%,0,0.000000,0.000000,0.000000,0.000000,hidden,,,,,,,,,
1,00 BEAMS PC1-4,3,1,,,1,,,Construct,,,,,ebc95ebf-adf4-58dc-ba64-1c354a3f238c,,Scale,0.0%,0,0.000000,0.000000,0.000000,0.000000,hidden,,,,,,,,,
1,00 BEAMS PC1-3,3,1,,,1,,,Construct,,,,,b37413a0-9980-5694-8d35-01d724c712c6,,Scale,0.0%,0,0.000000,0.000000,0.000000,0.000000,hidden,,,,,,,,,
1,00 BEAMS PC1-2,3,1,,,1,,,Construct,,,,,03aa2eac-fd8f-5260-ad51-8aa7b597d62b,,Scale,0.0%,0,0.000000,0.000000,0.000000,0.000000,hidden,,,,,,,,,
1,00 BEAMS PC1-1,3,1,,,1,,,Construct,,,,,9aaa8f6b-fdca-5623-9661-c651f2e96c88,,Scale,0.0%,0,0.000000,0.000000,0.000000,0.000000,hidden,,,,,,,,,
1,00 BEAMS PC2-2,3,1,,,1,,,Construct,,,,,6adf7ab1-5d88-538d-ade3-d803504030bf,,Scale,0.0%,0,0.000000,0.000000,0.000000,0.000000,hidden,,,,,,,,,
1,00 BEAMS PC2-1,3,1,,,1,,,Construct,,,,,3b3b1f9f-d147-5794-952c-f9dcc19ce746,,Scale,0.0%,0,0.000000,0.000000,0.000000,0.000000,hidden,,,,,,,,,
1,HPDA.CON.CP.10020,2,1,,,1,02/09/2023,09/09/2023,,,,,,Preparation for Pile Plug,,Scale,0.0%,0,0.000000,0.000000,0.000000,0.000000,,,,,,,,,,
1,00 METAL FORMWORK-9,3,1,,,1,,,Construct,,,,,1fd8993c-1f88-5422-a8de-bd5cdcabf019,,Scale,0.0%,0,0.000000,0.000000,0.000000,0.000000,hidden,,,,,,,,,
1,00 METAL FORMWORK-58,3,1,,,1,,,Construct,,,,,c59c6a09-a71d-59b9-a280-75cd3559c442,,Scale,0.0%,0,0.000000,0.000000,0.000000,0.000000,hidden,,,,,,,,,
1,00 METAL FORMWORK-75,3,1,,,1,,,Construct,,,,,f3a4060b-6397-5556-b960-55d4df3d71b4,,Scale,0.0%,0,0.000000,0.000000,0.000000,0.000000,hidden,,,,,,,,,
1,00 METAL FORMWORK-10,3,1,,,1,,,Construct,,,,,308a9764-2321-57ce-a098-6e7dabf5f25d,,Scale,0.0%,0,0.000000,0.000000,0.000000,0.000000,hidden,,,,,,,,,
1,00 METAL FORMWORK-57,3,1,,,1,,,Construct,,,,,cfd825d2-33f1-5d81-adab-aed0df182dc2,,Scale,0.0%,0,0.000000,0.000000,0.000000,0.000000,hidden,,,,,,,,,
1,00 METAL FORMWORK-76,3,1,,,1,,,Construct,,,,,1b20a11b-9583-5343-924c-d0c10819f615,,Scale,0.0%,0,0.000000,0.000000,0.000000,0.000000,hidden,,,,,,,,,
1,00 METAL FORMWORK-11,3,1,,,1,,,Construct,,,,,9c8a6c22-0c99-58b2-8961-1873ae4c698c,,Scale,0.0%,0,0.000000,0.000000,0.000000,0.000000,hidden,,,,,,,,,
1,00 METAL FORMWORK-56,3,1,,,1,,,Construct,,,,,2d279a7d-4732-5fcb-9fd6-3de78cf11ff6,,Scale,0.0%,0,0.000000,0.000000,0.000000,0.000000,hidden,,,,,,,,,
1,00 METAL FORMWORK-77,3,1,,,1,,,Construct,,,,,a14d3c96-8deb-598f-8e2d-2db596212836,,Scale,0.0%,0,0.000000,0.000000,0.000000,0.000000,hidden,,,,,,,,,
1,00 METAL FORMWORK-12,3,1,,,1,,,Construct,,,,,8b595791-76e6-5c8e-9680-7a07d8da8337,,Scale,0.0%,0,0.000000,0.000000,0.000000,0.000000,hidden,,,,,,,,,
1,00 METAL FORMWORK-55,3,1,,,1,,,Construct,,,,,9eb000db-ffa9-5da5-b2a8-a1c9faf48df7,,Scale,0.0%,0,0.000000,0.000000,0.000000,0.000000,hidden,,,,,,,,,
1,00 METAL FORMWORK-78,3,1,,,1,,,Construct,,,,,8f74e15d-e646-5939-aeb5-64342257c097,,Scale,0.0%,0,0.000000,0.000000,0.000000,0.000000,hidden,,,,,,,,,
1,00 METAL FORMWORK-13,3,1,,,1,,,Construct,,,,,84a61cf3-7dc7-5ae9-86f4-390863f77ffc,,Scale,0.0%,0,0.000000,0.000000,0.000000,0.000000,hidden,,,,,,,,,
1,00 METAL FORMWORK-54,3,1,,,1,,,Construct,,,,,92791647-8819-5856-ae65-9bb889d313bf,,Scale,0.0%,0,0.000000,0.000000,0.000000,0.000000,hidden,,,,,,,,,
1,00 METAL FORMWORK-79,3,1,,,1,,,Construct,,,,,1b1d82b5-5f6c-5836-9f26-315d602f6172,,Scale,0.0%,0,0.000000,0.000000,0.000000,0.000000,hidden,,,,,,,,,
1,00 METAL FORMWORK-14,3,1,,,1,,,Construct,,,,,d76ea0b3-fb61-5537-a4f1-2e1956df965f,,Scale,0.0%,0,0.000000,0.000000,0.000000,0.000000,hidden,,,,,,,,,
1,00 METAL FORMWORK-53,3,1,,,1,,,Construct,,,,,3e4dd01b-1310-5923-bbb7-c011182526f6,,Scale,0.0%,0,0.000000,0.000000,0.000000,0.000000,hidden,,,,,,,,,
1,00 METAL FORMWORK-80,3,1,,,1,,,Construct,,,,,c18a5cc6-7aa3-5be5-80e7-f1d9e52e0be9,,Scale,0.0%,0,0.000000,0.000000,0.000000,0.000000,hidden,,,,,,,,,
1,00 METAL FORMWORK-15,3,1,,,1,,,Construct,,,,,bdcb33b4-582c-5ab1-ae2a-9602db97a83a,,Scale,0.0%,0,0.000000,0.000000,0.000000,0.000000,hidden,,,,,,,,,
1,00 METAL FORMWORK-52,3,1,,,1,,,Construct,,,,,ba01073a-d889-56cd-a412-013f63f63031,,Scale,0.0%,0,0.000000,0.000000,0.000000,0.000000,hidden,,,,,,,,,
1,00 METAL FORMWORK-81,3,1,,,1,,,Construct,,,,,019defa2-eea0-549a-ade0-003370464c8f,,Scale,0.0%,0,0.000000,0.000000,0.000000,0.000000,hidden,,,,,,,,,
1,00 METAL FORMWORK-16,3,1,,,1,,,Construct,,,,,d6305cff-d3f6-52dd-9b92-b7343e8e9a15,,Scale,0.0%,0,0.000000,0.000000,0.000000,0.000000,hidden,,,,,,,,,
1,00 METAL FORMWORK-51,3,1,,,1,,,Construct,,,,,60184f02-9b1c-58c8-9a40-8b64bd21b405,,Scale,0.0%,0,0.000000,0.000000,0.000000,0.000000,hidden,,,,,,,,,
1,00 METAL FORMWORK-82,3,1,,,1,,,Construct,,,,,c60354e8-0312-58a3-a9b7-db9559481332,,Scale,0.0%,0,0.000000,0.000000,0.000000,0.000000,hidden,,,,,,,,,
1,00 METAL FORMWORK-17,3,1,,,1,,,Construct,,,,,e74db259-c8a1-5db2-bbd2-fa08b1bf6a52,,Scale,0.0%,0,0.000000,0.000000,0.000000,0.000000,hidden,,,,,,,,,
1,00 METAL FORMWORK-50,3,1,,,1,,,Construct,,,,,2273f55a-a6e6-5db1-8422-3c39f42f6eda,,Scale,0.0%,0,0.000000,0.000000,0.000000,0.000000,hidden,,,,,,,,,
1,00 METAL FORMWORK-83,3,1,,,1,,,Construct,,,,,365e6417-2f76-5d73-9baa-7049387122c5,,Scale,0.0%,0,0.000000,0.000000,0.000000,0.000000,hidden,,,,,,,,,
1,00 METAL FORMWORK-18,3,1,,,1,,,Construct,,,,,d249ca8e-ecec-5e5e-98b3-239a679b856f,,Scale,0.0%,0,0.000000,0.000000,0.000000,0.000000,hidden,,,,,,,,,
1,00 METAL FORMWORK-49,3,1,,,1,,,Construct,,,,,bcbe374b-56e0-595a-9f6d-f66aa212f658,,Scale,0.0%,0,0.000000,0.000000,0.000000,0.000000,hidden,,,,,,,,,
1,00 METAL FORMWORK-84,3,1,,,1,,,Construct,,,,,1943b02a-f704-5afe-acd0-8a2d14bfe3c5,,Scale,0.0%,0,0.000000,0.000000,0.000000,0.000000,hidden,,,,,,,,,
1,00 METAL FORMWORK-19,3,1,,,1,,,Construct,,,,,8823c129-d8a5-5ad4-b37e-0e9c78ceb47c,,Scale,0.0%,0,0.000000,0.000000,0.000000,0.000000,hidden,,,,,,,,,
1,00 METAL FORMWORK-48,3,1,,,1,,,Construct,,,,,9f4c6efe-32ed-55f9-8418-a3e2c1d4528e,,Scale,0.0%,0,0.000000,0.000000,0.000000,0.000000,hidden,,,,,,,,,
1,00 METAL FORMWORK-85,3,1,,,1,,,Construct,,,,,a9f1cfea-7b68-5396-b20a-6b63354e7dfe,,Scale,0.0%,0,0.000000,0.000000,0.000000,0.000000,hidden,,,,,,,,,
1,00 METAL FORMWORK-20,3,1,,,1,,,Construct,,,,,138c0808-abe6-58d2-aa89-4cb3a8a7352f,,Scale,0.0%,0,0.000000,0.000000,0.000000,0.000000,hidden,,,,,,,,,
1,00 METAL FORMWORK-47,3,1,,,1,,,Construct,,,,,d5199bcc-80dd-5ee5-bfe3-51e15d97b496,,Scale,0.0%,0,0.000000,0.000000,0.000000,0.000000,hidden,,,,,,,,,
1,00 METAL FORMWORK-86,3,1,,,1,,,Construct,,,,,618b30bd-2e88-59b4-8316-d0ad5b3b4c3e,,Scale,0.0%,0,0.000000,0.000000,0.000000,0.000000,hidden,,,,,,,,,
1,00 METAL FORMWORK-21,3,1,,,1,,,Construct,,,,,ea8ae708-a2ac-5cff-9c1f-070ff12c6c94,,Scale,0.0%,0,0.000000,0.000000,0.000000,0.000000,hidden,,,,,,,,,
1,00 METAL FORMWORK-46,3,1,,,1,,,Construct,,,,,2f26c53d-5297-545c-8e80-79d1e1d0a199,,Scale,0.0%,0,0.000000,0.000000,0.000000,0.000000,hidden,,,,,,,,,
1,00 METAL FORMWORK-87,3,1,,,1,,,Construct,,,,,4e3e5a6c-4cfd-5e22-af11-1f1788eea63c,,Scale,0.0%,0,0.000000,0.000000,0.000000,0.000000,hidden,,,,,,,,,
1,00 METAL FORMWORK-22,3,1,,,1,,,Construct,,,,,6bd69fb8-e06d-5883-aea6-f16c5bdef1cc,,Scale,0.0%,0,0.000000,0.000000,0.000000,0.000000,hidden,,,,,,,,,
1,00 METAL FORMWORK-45,3,1,,,1,,,Construct,,,,,84cf116a-feba-5d56-ae1f-9ca683d9f483,,Scale,0.0%,0,0.000000,0.000000,0.000000,0.000000,hidden,,,,,,,,,
1,00 METAL FORMWORK-88,3,1,,,1,,,Construct,,,,,65b11937-8025-5228-a877-78d1d3cfbdde,,Scale,0.0%,0,0.000000,0.000000,0.000000,0.000000,hidden,,,,,,,,,
1,00 METAL FORMWORK-23,3,1,,,1,,,Construct,,,,,020a9006-e121-5d17-a7d8-6b40cd10c6ea,,Scale,0.0%,0,0.000000,0.000000,0.000000,0.000000,hidden,,,,,,,,,
1,00 METAL FORMWORK-44,3,1,,,1,,,Construct,,,,,77e2dd3b-872e-5dc0-ba44-9635d4013a27,,Scale,0.0%,0,0.000000,0.000000,0.000000,0.000000,hidden,,,,,,,,,
1,00 METAL FORMWORK-89,3,1,,,1,,,Construct,,,,,04f282d4-fb9b-5d0c-95fa-0421169efa5a,,Scale,0.0%,0,0.000000,0.000000,0.000000,0.000000,hidden,,,,,,,,,
1,00 METAL FORMWORK-24,3,1,,,1,,,Construct,,,,,65754c2a-444c-53c2-8e7e-5fa0b7e10e8a,,Scale,0.0%,0,0.000000,0.000000,0.000000,0.000000,hidden,,,,,,,,,
1,00 METAL FORMWORK-43,3,1,,,1,,,Construct,,,,,1cce9a6d-efa3-5025-9aef-1bb8f83dbcf7,,Scale,0.0%,0,0.000000,0.000000,0.000000,0.000000,hidden,,,,,,,,,
1,00 METAL FORMWORK-90,3,1,,,1,,,Construct,,,,,e086105b-dad1-53d6-901d-7979852d1d8b,,Scale,0.0%,0,0.000000,0.000000,0.000000,0.000000,hidden,,,,,,,,,
1,00 METAL FORMWORK-73,3,1,,,1,,,Construct,,,,,cf3987d8-8fac-524f-be12-9b44747340e5,,Scale,0.0%,0,0.000000,0.000000,0.000000,0.000000,hidden,,,,,,,,,
1,00 METAL FORMWORK-60,3,1,,,1,,,Construct,,,,,1340298e-6bc2-56f6-bb1e-62b8eb445213,,Scale,0.0%,0,0.000000,0.000000,0.000000,0.000000,hidden,,,,,,,,,
1,00 METAL FORMWORK-7,3,1,,,1,,,Construct,,,,,cd01ac18-6f52-5594-9808-afeadf498f5c,,Scale,0.0%,0,0.000000,0.000000,0.000000,0.000000,hidden,,,,,,,,,
1,00 METAL FORMWORK-72,3,1,,,1,,,Construct,,,,,33415ac4-8f71-54ee-9997-ce33289a2d67,,Scale,0.0%,0,0.000000,0.000000,0.000000,0.000000,hidden,,,,,,,,,
1,00 METAL FORMWORK-61,3,1,,,1,,,Construct,,,,,f85f53f6-2e32-5c5a-be7d-fe97a215248c,,Scale,0.0%,0,0.000000,0.000000,0.000000,0.000000,hidden,,,,,,,,,
1,00 METAL FORMWORK-6,3,1,,,1,,,Construct,,,,,0446acff-17fa-519f-aae2-0c9acfd46c2b,,Scale,0.0%,0,0.000000,0.000000,0.000000,0.000000,hidden,,,,,,,,,
1,00 METAL FORMWORK-71,3,1,,,1,,,Construct,,,,,18c6eee6-0584-5e12-ae7b-203dc68ef944,,Scale,0.0%,0,0.000000,0.000000,0.000000,0.000000,hidden,,,,,,,,,
1,00 METAL FORMWORK-62,3,1,,,1,,,Construct,,,,,2574fdac-fe09-5e1a-8d40-9e0c79c944e3,,Scale,0.0%,0,0.000000,0.000000,0.000000,0.000000,hidden,,,,,,,,,
1,00 METAL FORMWORK-5,3,1,,,1,,,Construct,,,,,341bcab6-88b8-560e-9b35-69f198ffdfc2,,Scale,0.0%,0,0.000000,0.000000,0.000000,0.000000,hidden,,,,,,,,,
1,00 METAL FORMWORK-70,3,1,,,1,,,Construct,,,,,62a7442d-991c-5c8b-9eb8-238df180a93b,,Scale,0.0%,0,0.000000,0.000000,0.000000,0.000000,hidden,,,,,,,,,
1,00 METAL FORMWORK-63,3,1,,,1,,,Construct,,,,,4f4cffc1-1158-5aaa-adc7-eec7513b7a34,,Scale,0.0%,0,0.000000,0.000000,0.000000,0.000000,hidden,,,,,,,,,
1,00 METAL FORMWORK-4,3,1,,,1,,,Construct,,,,,aca02a06-02e5-514c-b1f3-2af6fcbed2e1,,Scale,0.0%,0,0.000000,0.000000,0.000000,0.000000,hidden,,,,,,,,,
1,00 METAL FORMWORK-69,3,1,,,1,,,Construct,,,,,cea79238-92b9-557a-8559-041ed86193c4,,Scale,0.0%,0,0.000000,0.000000,0.000000,0.000000,hidden,,,,,,,,,
1,00 METAL FORMWORK-64,3,1,,,1,,,Construct,,,,,d25fddb1-e818-5069-a399-eed5a1188922,,Scale,0.0%,0,0.000000,0.000000,0.000000,0.000000,hidden,,,,,,,,,
1,00 METAL FORMWORK-3,3,1,,,1,,,Construct,,,,,884f25b3-e803-569e-bfd9-8038216dcf9d,,Scale,0.0%,0,0.000000,0.000000,0.000000,0.000000,hidden,,,,,,,,,
1,00 METAL FORMWORK-68,3,1,,,1,,,Construct,,,,,a2d40b14-85e0-5a6b-8621-431776b0c456,,Scale,0.0%,0,0.000000,0.000000,0.000000,0.000000,hidden,,,,,,,,,
1,00 METAL FORMWORK-65,3,1,,,1,,,Construct,,,,,0fa7a388-b9f2-57bb-9c45-eea40ed0629b,,Scale,0.0%,0,0.000000,0.000000,0.000000,0.000000,hidden,,,,,,,,,
1,00 METAL FORMWORK-2,3,1,,,1,,,Construct,,,,,1cae6a05-5af9-5654-a477-0d64542b8c00,,Scale,0.0%,0,0.000000,0.000000,0.000000,0.000000,hidden,,,,,,,,,
1,00 METAL FORMWORK-67,3,1,,,1,,,Construct,,,,,54d08f53-b8e7-55f7-b4d5-785ea6c934b3,,Scale,0.0%,0,0.000000,0.000000,0.000000,0.000000,hidden,,,,,,,,,
1,00 METAL FORMWORK-66,3,1,,,1,,,Construct,,,,,5fc7f4a8-1fd6-5f2d-bd4f-6c1eeb2a79f8,,Scale,0.0%,0,0.000000,0.000000,0.000000,0.000000,hidden,,,,,,,,,
1,00 METAL FORMWORK-1,3,1,,,1,,,Construct,,,,,a4c0a78e-5d58-5004-b7e8-2faf55698ab7,,Scale,0.0%,0,0.000000,0.000000,0.000000,0.000000,hidden,,,,,,,,,
1,00 METAL FORMWORK-74,3,1,,,1,,,Construct,,,,,507815e8-183c-5504-bdee-777c1a07982a,,Scale,0.0%,0,0.000000,0.000000,0.000000,0.000000,hidden,,,,,,,,,
1,00 METAL FORMWORK-59,3,1,,,1,,,Construct,,,,,80e8f733-8bc4-5983-af0d-a0cdb7013c51,,Scale,0.0%,0,0.000000,0.000000,0.000000,0.000000,hidden,,,,,,,,,
1,00 METAL FORMWORK-8,3,1,,,1,,,Construct,,,,,d8296b67-678b-50ee-94ae-6c2c2fca72ac,,Scale,0.0%,0,0.000000,0.000000,0.000000,0.000000,hidden,,,,,,,,,
1,00 METAL FORMWORK-25,3,1,,,1,,,Construct,,,,,b181f18b-c95a-5dcf-a415-1b2173ebc592,,Scale,0.0%,0,0.000000,0.000000,0.000000,0.000000,hidden,,,,,,,,,
1,00 METAL FORMWORK-42,3,1,,,1,,,Construct,,,,,647cd698-e2dd-549f-a30f-03f63f604a4c,,Scale,0.0%,0,0.000000,0.000000,0.000000,0.000000,hidden,,,,,,,,,
1,00 METAL FORMWORK-91,3,1,,,1,,,Construct,,,,,18903a2e-ea97-55f3-bc07-04aed6373fec,,Scale,0.0%,0,0.000000,0.000000,0.000000,0.000000,hidden,,,,,,,,,
1,00 METAL FORMWORK-26,3,1,,,1,,,Construct,,,,,4bf78132-3588-5a4a-8ce0-899953f2822e,,Scale,0.0%,0,0.000000,0.000000,0.000000,0.000000,hidden,,,,,,,,,
1,00 METAL FORMWORK-41,3,1,,,1,,,Construct,,,,,e284d144-b67d-53cc-8e8c-6892b41cfaf2,,Scale,0.0%,0,0.000000,0.000000,0.000000,0.000000,hidden,,,,,,,,,
1,00 METAL FORMWORK-92,3,1,,,1,,,Construct,,,,,a26070d0-c43b-54d4-ba22-33760b9e1f51,,Scale,0.0%,0,0.000000,0.000000,0.000000,0.000000,hidden,,,,,,,,,
1,00 METAL FORMWORK-27,3,1,,,1,,,Construct,,,,,49760530-f1df-50c0-91cc-79d7985c2cbc,,Scale,0.0%,0,0.000000,0.000000,0.000000,0.000000,hidden,,,,,,,,,
1,00 METAL FORMWORK-40,3,1,,,1,,,Construct,,,,,1013221b-591b-5dce-b2c3-4c21ed5de823,,Scale,0.0%,0,0.000000,0.000000,0.000000,0.000000,hidden,,,,,,,,,
1,00 METAL FORMWORK-93,3,1,,,1,,,Construct,,,,,de827582-61e4-5ae2-8165-e045a77342b5,,Scale,0.0%,0,0.000000,0.000000,0.000000,0.000000,hidden,,,,,,,,,
1,00 METAL FORMWORK-28,3,1,,,1,,,Construct,,,,,44b48dd8-b8f8-5a38-9e44-97a21a8140a0,,Scale,0.0%,0,0.000000,0.000000,0.000000,0.000000,hidden,,,,,,,,,
1,00 METAL FORMWORK-39,3,1,,,1,,,Construct,,,,,2463d833-65e1-5f0e-88ea-bd171c009560,,Scale,0.0%,0,0.000000,0.000000,0.000000,0.000000,hidden,,,,,,,,,
1,00 METAL FORMWORK-94,3,1,,,1,,,Construct,,,,,f45648fc-ebc4-55fe-ba07-a9da94da5c70,,Scale,0.0%,0,0.000000,0.000000,0.000000,0.000000,hidden,,,,,,,,,
1,00 METAL FORMWORK-29,3,1,,,1,,,Construct,,,,,72b355d4-7c49-59fb-b3c3-0f2b8ce599ec,,Scale,0.0%,0,0.000000,0.000000,0.000000,0.000000,hidden,,,,,,,,,
1,00 METAL FORMWORK-38,3,1,,,1,,,Construct,,,,,8fa749ef-5287-5d67-9a53-5b0336b77a71,,Scale,0.0%,0,0.000000,0.000000,0.000000,0.000000,hidden,,,,,,,,,
1,00 METAL FORMWORK-95,3,1,,,1,,,Construct,,,,,b93fe26b-0b10-5646-a039-13a4e403d86d,,Scale,0.0%,0,0.000000,0.000000,0.000000,0.000000,hidden,,,,,,,,,
1,00 METAL FORMWORK-30,3,1,,,1,,,Construct,,,,,7c587b93-44d9-5c83-9436-1cce1f503a00,,Scale,0.0%,0,0.000000,0.000000,0.000000,0.000000,hidden,,,,,,,,,
1,00 METAL FORMWORK-37,3,1,,,1,,,Construct,,,,,01788c51-1e77-5d47-be47-70018c7e4f22,,Scale,0.0%,0,0.000000,0.000000,0.000000,0.000000,hidden,,,,,,,,,
1,00 METAL FORMWORK-96,3,1,,,1,,,Construct,,,,,b1308ed1-832b-5f73-90a4-b4f8191cba79,,Scale,0.0%,0,0.000000,0.000000,0.000000,0.000000,hidden,,,,,,,,,
1,00 METAL FORMWORK-31,3,1,,,1,,,Construct,,,,,3994a7e4-5eb5-56cf-8718-73e603af8150,,Scale,0.0%,0,0.000000,0.000000,0.000000,0.000000,hidden,,,,,,,,,
1,00 METAL FORMWORK-36,3,1,,,1,,,Construct,,,,,ece1bb5f-8720-5d3e-b8c4-9722d0c9f9d2,,Scale,0.0%,0,0.000000,0.000000,0.000000,0.000000,hidden,,,,,,,,,
1,00 METAL FORMWORK-97,3,1,,,1,,,Construct,,,,,4aad86c9-8184-5c5f-88ce-b7dee8e82547,,Scale,0.0%,0,0.000000,0.000000,0.000000,0.000000,hidden,,,,,,,,,
1,00 METAL FORMWORK-32,3,1,,,1,,,Construct,,,,,c9204c0f-8d1f-567c-83d4-db61d80bf512,,Scale,0.0%,0,0.000000,0.000000,0.000000,0.000000,hidden,,,,,,,,,
1,00 METAL FORMWORK-35,3,1,,,1,,,Construct,,,,,413619a1-fd84-5dce-93a5-f6e2784beb6a,,Scale,0.0%,0,0.000000,0.000000,0.000000,0.000000,hidden,,,,,,,,,
1,00 METAL FORMWORK-98,3,1,,,1,,,Construct,,,,,a1ebc05f-e7fe-57bc-b5ee-06a71351d48c,,Scale,0.0%,0,0.000000,0.000000,0.000000,0.000000,hidden,,,,,,,,,
1,00 METAL FORMWORK-33,3,1,,,1,,,Construct,,,,,ab077c3e-a71e-54f5-b47e-881ca5fa23df,,Scale,0.0%,0,0.000000,0.000000,0.000000,0.000000,hidden,,,,,,,,,
1,00 METAL FORMWORK-34,3,1,,,1,,,Construct,,,,,9ec963d4-c269-5b8a-a1aa-28d61e50f96c,,Scale,0.0%,0,0.000000,0.000000,0.000000,0.000000,hidden,,,,,,,,,
1,00 METAL FORMWORK-99,3,1,,,1,,,Construct,,,,,858a07bb-bb82-5be8-833c-dbc38559c7a1,,Scale,0.0%,0,0.000000,0.000000,0.000000,0.000000,hidden,,,,,,,,,
1,HPDA.CON.CP.10050,2,1,,,1,09/09/2023,13/09/2023,,,,,,Placing of Concrete Insitu for Pile Plug & Beam,,Scale,0.0%,0,0.000000,0.000000,0.000000,0.000000,,,,,,,,,,
1,00 IN SITU CONCRETE - BEAMS-9,3,1,,,1,,,Construct,,,,,e1655fd2-3bb2-5d07-8821-a34032f00f3f,,Scale,0.0%,0,0.000000,0.000000,0.000000,0.000000,hidden,,,,,,,,,
1,00 IN SITU CONCRETE - BEAMS-58,3,1,,,1,,,Construct,,,,,b282a557-2b27-5060-93c3-fe487539ea46,,Scale,0.0%,0,0.000000,0.000000,0.000000,0.000000,hidden,,,,,,,,,
1,00 IN SITU CONCRETE - BEAMS-75,3,1,,,1,,,Construct,,,,,bd42afc4-598a-5eec-80b3-edd171e821ba,,Scale,0.0%,0,0.000000,0.000000,0.000000,0.000000,hidden,,,,,,,,,
1,00 IN SITU CONCRETE - BEAMS-10,3,1,,,1,,,Construct,,,,,b6b515b9-836b-5497-9df4-31d729a0cb4f,,Scale,0.0%,0,0.000000,0.000000,0.000000,0.000000,hidden,,,,,,,,,
1,00 IN SITU CONCRETE - BEAMS-57,3,1,,,1,,,Construct,,,,,c1184e38-7775-5c16-a53d-84f3bcc07d7f,,Scale,0.0%,0,0.000000,0.000000,0.000000,0.000000,hidden,,,,,,,,,
1,00 IN SITU CONCRETE - BEAMS-76,3,1,,,1,,,Construct,,,,,8d31c5a8-d69b-5c38-9546-2d871cbe6795,,Scale,0.0%,0,0.000000,0.000000,0.000000,0.000000,hidden,,,,,,,,,
1,00 IN SITU CONCRETE - BEAMS-11,3,1,,,1,,,Construct,,,,,a86f66d6-b3dd-58a1-b71b-2c6ea952feba,,Scale,0.0%,0,0.000000,0.000000,0.000000,0.000000,hidden,,,,,,,,,
1,00 IN SITU CONCRETE - BEAMS-56,3,1,,,1,,,Construct,,,,,c8dd42a3-70dd-5850-ad23-c00cb921e3a6,,Scale,0.0%,0,0.000000,0.000000,0.000000,0.000000,hidden,,,,,,,,,
1,00 IN SITU CONCRETE - BEAMS-77,3,1,,,1,,,Construct,,,,,91df7ea3-d5b7-5175-b0b4-ba06288291f4,,Scale,0.0%,0,0.000000,0.000000,0.000000,0.000000,hidden,,,,,,,,,
1,00 IN SITU CONCRETE - BEAMS-12,3,1,,,1,,,Construct,,,,,97012718-74a3-56e6-88ad-9f9933a3807c,,Scale,0.0%,0,0.000000,0.000000,0.000000,0.000000,hidden,,,,,,,,,
1,00 IN SITU CONCRETE - BEAMS-55,3,1,,,1,,,Construct,,,,,d18cb5ad-b6a9-57d9-b8c3-827756bdb578,,Scale,0.0%,0,0.000000,0.000000,0.000000,0.000000,hidden,,,,,,,,,
1,00 IN SITU CONCRETE - BEAMS-78,3,1,,,1,,,Construct,,,,,793e5ef3-2cab-531a-8563-8317a25a0061,,Scale,0.0%,0,0.000000,0.000000,0.000000,0.000000,hidden,,,,,,,,,
1,00 IN SITU CONCRETE - BEAMS-13,3,1,,,1,,,Construct,,,,,3b517839-0320-5961-be02-ba5e936533c5,,Scale,0.0%,0,0.000000,0.000000,0.000000,0.000000,hidden,,,,,,,,,
1,00 IN SITU CONCRETE - BEAMS-54,3,1,,,1,,,Construct,,,,,919b75bf-7795-5dd9-98b4-f5017f3ec9b0,,Scale,0.0%,0,0.000000,0.000000,0.000000,0.000000,hidden,,,,,,,,,
1,00 IN SITU CONCRETE - BEAMS-79,3,1,,,1,,,Construct,,,,,b0653017-d4e4-5c1c-9e9c-7c572bb572e6,,Scale,0.0%,0,0.000000,0.000000,0.000000,0.000000,hidden,,,,,,,,,
1,00 IN SITU CONCRETE - BEAMS-14,3,1,,,1,,,Construct,,,,,984fc008-91b8-55ca-8c37-17cc8fe83f23,,Scale,0.0%,0,0.000000,0.000000,0.000000,0.000000,hidden,,,,,,,,,
1,00 IN SITU CONCRETE - BEAMS-53,3,1,,,1,,,Construct,,,,,c6a17606-7bea-5a60-b036-cebf8c555844,,Scale,0.0%,0,0.000000,0.000000,0.000000,0.000000,hidden,,,,,,,,,
1,00 IN SITU CONCRETE - BEAMS-80,3,1,,,1,,,Construct,,,,,dea021c1-1d56-5f90-b6e7-c4f7c14add24,,Scale,0.0%,0,0.000000,0.000000,0.000000,0.000000,hidden,,,,,,,,,
1,00 IN SITU CONCRETE - BEAMS-15,3,1,,,1,,,Construct,,,,,1841fc01-055f-5685-845a-878a2f15f926,,Scale,0.0%,0,0.000000,0.000000,0.000000,0.000000,hidden,,,,,,,,,
1,00 IN SITU CONCRETE - BEAMS-52,3,1,,,1,,,Construct,,,,,938d3572-dd5b-5539-8eed-4deb2df0fb9d,,Scale,0.0%,0,0.000000,0.000000,0.000000,0.000000,hidden,,,,,,,,,
1,00 IN SITU CONCRETE - BEAMS-81,3,1,,,1,,,Construct,,,,,0f453565-991b-57a4-bc5c-8f8938a67eca,,Scale,0.0%,0,0.000000,0.000000,0.000000,0.000000,hidden,,,,,,,,,
1,00 IN SITU CONCRETE - BEAMS-16,3,1,,,1,,,Construct,,,,,312ff11d-98cd-59f6-a766-91945b2e03b4,,Scale,0.0%,0,0.000000,0.000000,0.000000,0.000000,hidden,,,,,,,,,
1,00 IN SITU CONCRETE - BEAMS-51,3,1,,,1,,,Construct,,,,,3aa24c1c-c7a0-5c35-a535-af704316051e,,Scale,0.0%,0,0.000000,0.000000,0.000000,0.000000,hidden,,,,,,,,,
1,00 IN SITU CONCRETE - BEAMS-82,3,1,,,1,,,Construct,,,,,f82af97e-6779-5178-9560-12226585cb81,,Scale,0.0%,0,0.000000,0.000000,0.000000,0.000000,hidden,,,,,,,,,
1,00 IN SITU CONCRETE - BEAMS-17,3,1,,,1,,,Construct,,,,,9c4e6f89-ac0d-5b32-9553-f325e0b65611,,Scale,0.0%,0,0.000000,0.000000,0.000000,0.000000,hidden,,,,,,,,,
1,00 IN SITU CONCRETE - BEAMS-50,3,1,,,1,,,Construct,,,,,7ea157c4-0be7-591c-b10a-afa0269a303b,,Scale,0.0%,0,0.000000,0.000000,0.000000,0.000000,hidden,,,,,,,,,
1,00 IN SITU CONCRETE - BEAMS-83,3,1,,,1,,,Construct,,,,,eff79899-2e6b-5154-b406-abb7329e29b0,,Scale,0.0%,0,0.000000,0.000000,0.000000,0.000000,hidden,,,,,,,,,
1,00 IN SITU CONCRETE - BEAMS-18,3,1,,,1,,,Construct,,,,,c3142269-f75c-5635-870f-17b14d48b993,,Scale,0.0%,0,0.000000,0.000000,0.000000,0.000000,hidden,,,,,,,,,
1,00 IN SITU CONCRETE - BEAMS-49,3,1,,,1,,,Construct,,,,,51f669b5-2878-5416-badd-04696f773a66,,Scale,0.0%,0,0.000000,0.000000,0.000000,0.000000,hidden,,,,,,,,,
1,00 IN SITU CONCRETE - BEAMS-84,3,1,,,1,,,Construct,,,,,3a87a0f5-48e4-5e32-8189-6afc9e82b48c,,Scale,0.0%,0,0.000000,0.000000,0.000000,0.000000,hidden,,,,,,,,,
1,00 IN SITU CONCRETE - BEAMS-19,3,1,,,1,,,Construct,,,,,111998c6-3585-585e-a0d8-274d749cf3bd,,Scale,0.0%,0,0.000000,0.000000,0.000000,0.000000,hidden,,,,,,,,,
1,00 IN SITU CONCRETE - BEAMS-48,3,1,,,1,,,Construct,,,,,b4cf53a8-a88b-5bda-a42a-e348eed5bc09,,Scale,0.0%,0,0.000000,0.000000,0.000000,0.000000,hidden,,,,,,,,,
1,00 IN SITU CONCRETE - BEAMS-85,3,1,,,1,,,Construct,,,,,084c9dba-f1c9-58f0-bb29-c7314a514a07,,Scale,0.0%,0,0.000000,0.000000,0.000000,0.000000,hidden,,,,,,,,,
1,00 IN SITU CONCRETE - BEAMS-20,3,1,,,1,,,Construct,,,,,bd99fe9c-31c7-523f-859c-3e38e94410b3,,Scale,0.0%,0,0.000000,0.000000,0.000000,0.000000,hidden,,,,,,,,,
1,00 IN SITU CONCRETE - BEAMS-47,3,1,,,1,,,Construct,,,,,0593273e-0540-5a14-819f-ef742c7c7f49,,Scale,0.0%,0,0.000000,0.000000,0.000000,0.000000,hidden,,,,,,,,,
1,00 IN SITU CONCRETE - BEAMS-86,3,1,,,1,,,Construct,,,,,06ee9734-fe78-54e4-9088-bbd6c4d97cca,,Scale,0.0%,0,0.000000,0.000000,0.000000,0.000000,hidden,,,,,,,,,
1,00 IN SITU CONCRETE - BEAMS-21,3,1,,,1,,,Construct,,,,,b606cd7a-ac4e-5bc8-a1ed-cc49ea33edfc,,Scale,0.0%,0,0.000000,0.000000,0.000000,0.000000,hidden,,,,,,,,,
1,00 IN SITU CONCRETE - BEAMS-46,3,1,,,1,,,Construct,,,,,4044eac2-5eaa-54df-a6c7-bdee3340f270,,Scale,0.0%,0,0.000000,0.000000,0.000000,0.000000,hidden,,,,,,,,,
1,00 IN SITU CONCRETE - BEAMS-87,3,1,,,1,,,Construct,,,,,1b3dc227-02ad-5c01-8e6e-2dae4dbc05ee,,Scale,0.0%,0,0.000000,0.000000,0.000000,0.000000,hidden,,,,,,,,,
1,00 IN SITU CONCRETE - BEAMS-22,3,1,,,1,,,Construct,,,,,082e140f-9ae5-5434-81a6-738018f4d8f3,,Scale,0.0%,0,0.000000,0.000000,0.000000,0.000000,hidden,,,,,,,,,
1,00 IN SITU CONCRETE - BEAMS-45,3,1,,,1,,,Construct,,,,,b6b5c04f-2aa5-587d-bcc8-1aade30eba61,,Scale,0.0%,0,0.000000,0.000000,0.000000,0.000000,hidden,,,,,,,,,
1,00 IN SITU CONCRETE - BEAMS-88,3,1,,,1,,,Construct,,,,,28c6e9cc-c42c-5fe6-81d5-3f9c1d30460c,,Scale,0.0%,0,0.000000,0.000000,0.000000,0.000000,hidden,,,,,,,,,
1,00 IN SITU CONCRETE - BEAMS-23,3,1,,,1,,,Construct,,,,,ae4fd94d-b3a4-5a7f-a1d8-b00844936361,,Scale,0.0%,0,0.000000,0.000000,0.000000,0.000000,hidden,,,,,,,,,
1,00 IN SITU CONCRETE - BEAMS-44,3,1,,,1,,,Construct,,,,,23898809-2d8e-576f-8c14-2e825e762ea6,,Scale,0.0%,0,0.000000,0.000000,0.000000,0.000000,hidden,,,,,,,,,
1,00 IN SITU CONCRETE - BEAMS-89,3,1,,,1,,,Construct,,,,,e528c1e8-2dca-55eb-a3d7-7aee389f1aab,,Scale,0.0%,0,0.000000,0.000000,0.000000,0.000000,hidden,,,,,,,,,
1,00 IN SITU CONCRETE - BEAMS-24,3,1,,,1,,,Construct,,,,,9e0cb4ce-2508-5c83-bc86-d5e5c09a9585,,Scale,0.0%,0,0.000000,0.000000,0.000000,0.000000,hidden,,,,,,,,,
1,00 IN SITU CONCRETE - BEAMS-43,3,1,,,1,,,Construct,,,,,22f007f5-aa66-52a8-bb15-6d5d3a82ddb4,,Scale,0.0%,0,0.000000,0.000000,0.000000,0.000000,hidden,,,,,,,,,
1,00 IN SITU CONCRETE - BEAMS-90,3,1,,,1,,,Construct,,,,,aaee08c5-6d8c-5ab7-bfea-8350ea98c5d8,,Scale,0.0%,0,0.000000,0.000000,0.000000,0.000000,hidden,,,,,,,,,
1,00 IN SITU CONCRETE - BEAMS-73,3,1,,,1,,,Construct,,,,,c5b2a3c6-211b-50b2-a355-e6442f659583,,Scale,0.0%,0,0.000000,0.000000,0.000000,0.000000,hidden,,,,,,,,,
1,00 IN SITU CONCRETE - BEAMS-60,3,1,,,1,,,Construct,,,,,ff98865b-c8b7-53d2-b60d-a17cea1da0cb,,Scale,0.0%,0,0.000000,0.000000,0.000000,0.000000,hidden,,,,,,,,,
1,00 IN SITU CONCRETE - BEAMS-7,3,1,,,1,,,Construct,,,,,9f37d6f4-0588-5019-82c8-4600452db6f8,,Scale,0.0%,0,0.000000,0.000000,0.000000,0.000000,hidden,,,,,,,,,
1,00 IN SITU CONCRETE - BEAMS-72,3,1,,,1,,,Construct,,,,,bbfd8d56-8677-5329-b6ef-53d87930cf23,,Scale,0.0%,0,0.000000,0.000000,0.000000,0.000000,hidden,,,,,,,,,
1,00 IN SITU CONCRETE - BEAMS-61,3,1,,,1,,,Construct,,,,,3ec25236-a489-5c37-b27a-4709b9b7f655,,Scale,0.0%,0,0.000000,0.000000,0.000000,0.000000,hidden,,,,,,,,,
1,00 IN SITU CONCRETE - BEAMS-6,3,1,,,1,,,Construct,,,,,1d1469e0-70bb-5c93-9ab1-4e0d18c67203,,Scale,0.0%,0,0.000000,0.000000,0.000000,0.000000,hidden,,,,,,,,,
1,00 IN SITU CONCRETE - BEAMS-71,3,1,,,1,,,Construct,,,,,96d70ed2-b406-5f01-b9bc-747b61005e50,,Scale,0.0%,0,0.000000,0.000000,0.000000,0.000000,hidden,,,,,,,,,
1,00 IN SITU CONCRETE - BEAMS-62,3,1,,,1,,,Construct,,,,,6596d67d-df1b-5039-9929-5c4536a8b839,,Scale,0.0%,0,0.000000,0.000000,0.000000,0.000000,hidden,,,,,,,,,
1,00 IN SITU CONCRETE - BEAMS-5,3,1,,,1,,,Construct,,,,,9680403b-4631-5038-8437-981b6db2db00,,Scale,0.0%,0,0.000000,0.000000,0.000000,0.000000,hidden,,,,,,,,,
1,00 IN SITU CONCRETE - BEAMS-70,3,1,,,1,,,Construct,,,,,5cc97867-90cf-524e-8568-454be1f7d48f,,Scale,0.0%,0,0.000000,0.000000,0.000000,0.000000,hidden,,,,,,,,,
1,00 IN SITU CONCRETE - BEAMS-63,3,1,,,1,,,Construct,,,,,4ff73064-caa9-51bb-83b8-a0a513533cc2,,Scale,0.0%,0,0.000000,0.000000,0.000000,0.000000,hidden,,,,,,,,,
1,00 IN SITU CONCRETE - BEAMS-4,3,1,,,1,,,Construct,,,,,90b2d956-b72a-5f89-9e17-17c6b10a9b34,,Scale,0.0%,0,0.000000,0.000000,0.000000,0.000000,hidden,,,,,,,,,
1,00 IN SITU CONCRETE - BEAMS-69,3,1,,,1,,,Construct,,,,,7c031d66-b3b8-5ddf-9d5a-977068397b67,,Scale,0.0%,0,0.000000,0.000000,0.000000,0.000000,hidden,,,,,,,,,
1,00 IN SITU CONCRETE - BEAMS-64,3,1,,,1,,,Construct,,,,,2a3074be-f87a-50eb-9cdb-ce287568ab9d,,Scale,0.0%,0,0.000000,0.000000,0.000000,0.000000,hidden,,,,,,,,,
1,00 IN SITU CONCRETE - BEAMS-3,3,1,,,1,,,Construct,,,,,4b8d8ab3-945a-58a6-a840-e0c1f58643d3,,Scale,0.0%,0,0.000000,0.000000,0.000000,0.000000,hidden,,,,,,,,,
1,00 IN SITU CONCRETE - BEAMS-68,3,1,,,1,,,Construct,,,,,b9b52ad6-4ffe-57fa-80a7-f38de8addc3a,,Scale,0.0%,0,0.000000,0.000000,0.000000,0.000000,hidden,,,,,,,,,
1,00 IN SITU CONCRETE - BEAMS-65,3,1,,,1,,,Construct,,,,,ee03b8c0-6276-5153-b23e-380e059dc50d,,Scale,0.0%,0,0.000000,0.000000,0.000000,0.000000,hidden,,,,,,,,,
1,00 IN SITU CONCRETE - BEAMS-2,3,1,,,1,,,Construct,,,,,4f4a49a1-c531-555c-9680-1c388f17d60f,,Scale,0.0%,0,0.000000,0.000000,0.000000,0.000000,hidden,,,,,,,,,
1,00 IN SITU CONCRETE - BEAMS-67,3,1,,,1,,,Construct,,,,,f4d95d29-0cda-5be6-80d6-4e3e85604996,,Scale,0.0%,0,0.000000,0.000000,0.000000,0.000000,hidden,,,,,,,,,
1,00 IN SITU CONCRETE - BEAMS-66,3,1,,,1,,,Construct,,,,,3cf991ee-3bea-5d68-be3d-101cb39b1c16,,Scale,0.0%,0,0.000000,0.000000,0.000000,0.000000,hidden,,,,,,,,,
1,00 IN SITU CONCRETE - BEAMS-1,3,1,,,1,,,Construct,,,,,a26e909f-7fb3-5ecc-b9f0-bf06c50cf9a9,,Scale,0.0%,0,0.000000,0.000000,0.000000,0.000000,hidden,,,,,,,,,
1,00 IN SITU CONCRETE - BEAMS-74,3,1,,,1,,,Construct,,,,,a83b56ae-36ec-5970-a75d-bf8398d7cfa4,,Scale,0.0%,0,0.000000,0.000000,0.000000,0.000000,hidden,,,,,,,,,
1,00 IN SITU CONCRETE - BEAMS-59,3,1,,,1,,,Construct,,,,,56b3fa91-e1d0-5fcc-89d8-d996e0f62a74,,Scale,0.0%,0,0.000000,0.000000,0.000000,0.000000,hidden,,,,,,,,,
1,00 IN SITU CONCRETE - BEAMS-8,3,1,,,1,,,Construct,,,,,cc8ea3f6-dad5-5fad-93c7-0450fd5a802f,,Scale,0.0%,0,0.000000,0.000000,0.000000,0.000000,hidden,,,,,,,,,
1,00 IN SITU CONCRETE - BEAMS-25,3,1,,,1,,,Construct,,,,,c9cb045d-2775-5305-82b4-0b2818c3d050,,Scale,0.0%,0,0.000000,0.000000,0.000000,0.000000,hidden,,,,,,,,,
1,00 IN SITU CONCRETE - BEAMS-42,3,1,,,1,,,Construct,,,,,ad24567c-11ec-5081-9add-3fd359c50345,,Scale,0.0%,0,0.000000,0.000000,0.000000,0.000000,hidden,,,,,,,,,
1,00 IN SITU CONCRETE - BEAMS-91,3,1,,,1,,,Construct,,,,,0120c80a-11ca-5efd-975f-936157d51e40,,Scale,0.0%,0,0.000000,0.000000,0.000000,0.000000,hidden,,,,,,,,,
1,00 IN SITU CONCRETE - BEAMS-26,3,1,,,1,,,Construct,,,,,1a0d6959-5c6f-5527-8465-dae905bc4411,,Scale,0.0%,0,0.000000,0.000000,0.000000,0.000000,hidden,,,,,,,,,
1,00 IN SITU CONCRETE - BEAMS-41,3,1,,,1,,,Construct,,,,,17466ff8-10f6-5a3f-ba03-9d4dab14009c,,Scale,0.0%,0,0.000000,0.000000,0.000000,0.000000,hidden,,,,,,,,,
1,00 IN SITU CONCRETE - BEAMS-92,3,1,,,1,,,Construct,,,,,b3f37882-1f44-5ea9-a092-c8bd5548c5df,,Scale,0.0%,0,0.000000,0.000000,0.000000,0.000000,hidden,,,,,,,,,
1,00 IN SITU CONCRETE - BEAMS-27,3,1,,,1,,,Construct,,,,,8b204cce-9d58-5acc-a889-4bde64064188,,Scale,0.0%,0,0.000000,0.000000,0.000000,0.000000,hidden,,,,,,,,,
1,00 IN SITU CONCRETE - BEAMS-40,3,1,,,1,,,Construct,,,,,1295e086-8893-552c-94e4-90555e4980d4,,Scale,0.0%,0,0.000000,0.000000,0.000000,0.000000,hidden,,,,,,,,,
1,00 IN SITU CONCRETE - BEAMS-93,3,1,,,1,,,Construct,,,,,a782b017-5912-5cf0-a985-fcfb2c174042,,Scale,0.0%,0,0.000000,0.000000,0.000000,0.000000,hidden,,,,,,,,,
1,00 IN SITU CONCRETE - BEAMS-28,3,1,,,1,,,Construct,,,,,5769471c-b993-5034-a5ea-8feeb75a976d,,Scale,0.0%,0,0.000000,0.000000,0.000000,0.000000,hidden,,,,,,,,,
1,00 IN SITU CONCRETE - BEAMS-39,3,1,,,1,,,Construct,,,,,25cd9477-19b3-59c7-9a17-38ac2e7812c0,,Scale,0.0%,0,0.000000,0.000000,0.000000,0.000000,hidden,,,,,,,,,
1,00 IN SITU CONCRETE - BEAMS-94,3,1,,,1,,,Construct,,,,,0c604995-a94b-530d-bc06-56b524a5adea,,Scale,0.0%,0,0.000000,0.000000,0.000000,0.000000,hidden,,,,,,,,,
1,00 IN SITU CONCRETE - BEAMS-29,3,1,,,1,,,Construct,,,,,086900cb-788f-5e87-b38c-57d105bf15d1,,Scale,0.0%,0,0.000000,0.000000,0.000000,0.000000,hidden,,,,,,,,,
1,00 IN SITU CONCRETE - BEAMS-38,3,1,,,1,,,Construct,,,,,7889e562-0a92-51b5-bd21-5cd62921e660,,Scale,0.0%,0,0.000000,0.000000,0.000000,0.000000,hidden,,,,,,,,,
1,00 IN SITU CONCRETE - BEAMS-95,3,1,,,1,,,Construct,,,,,e2b5e298-d2df-5e37-b1fc-2a8f1db6d9c3,,Scale,0.0%,0,0.000000,0.000000,0.000000,0.000000,hidden,,,,,,,,,
1,00 IN SITU CONCRETE - BEAMS-30,3,1,,,1,,,Construct,,,,,d78f70bf-2951-5d87-a58c-94c1714577a2,,Scale,0.0%,0,0.000000,0.000000,0.000000,0.000000,hidden,,,,,,,,,
1,00 IN SITU CONCRETE - BEAMS-37,3,1,,,1,,,Construct,,,,,793509ed-ea37-52c2-84ef-f534e102eb86,,Scale,0.0%,0,0.000000,0.000000,0.000000,0.000000,hidden,,,,,,,,,
1,00 IN SITU CONCRETE - BEAMS-96,3,1,,,1,,,Construct,,,,,a68150fd-7fde-5cc5-bb19-fa35e70dec0e,,Scale,0.0%,0,0.000000,0.000000,0.000000,0.000000,hidden,,,,,,,,,
1,00 IN SITU CONCRETE - BEAMS-31,3,1,,,1,,,Construct,,,,,ed2198b7-2e1e-56f6-a7c3-0ef1f4739fc0,,Scale,0.0%,0,0.000000,0.000000,0.000000,0.000000,hidden,,,,,,,,,
1,00 IN SITU CONCRETE - BEAMS-36,3,1,,,1,,,Construct,,,,,44b91515-3357-5639-88ef-88b422938b84,,Scale,0.0%,0,0.000000,0.000000,0.000000,0.000000,hidden,,,,,,,,,
1,00 IN SITU CONCRETE - BEAMS-97,3,1,,,1,,,Construct,,,,,fec522c1-4581-5367-90df-5d95e6419c20,,Scale,0.0%,0,0.000000,0.000000,0.000000,0.000000,hidden,,,,,,,,,
1,00 IN SITU CONCRETE - BEAMS-32,3,1,,,1,,,Construct,,,,,7a1410f2-4c84-5006-ab6e-4a144e15c7ae,,Scale,0.0%,0,0.000000,0.000000,0.000000,0.000000,hidden,,,,,,,,,
1,00 IN SITU CONCRETE - BEAMS-35,3,1,,,1,,,Construct,,,,,514d7128-d174-56b6-bb22-f22566809c63,,Scale,0.0%,0,0.000000,0.000000,0.000000,0.000000,hidden,,,,,,,,,
1,00 IN SITU CONCRETE - BEAMS-98,3,1,,,1,,,Construct,,,,,c03bffd2-4bbe-55ac-b57f-188cea5c5875,,Scale,0.0%,0,0.000000,0.000000,0.000000,0.000000,hidden,,,,,,,,,
1,00 IN SITU CONCRETE - BEAMS-33,3,1,,,1,,,Construct,,,,,3f36b277-c040-53b8-9b71-55d1af231cdb,,Scale,0.0%,0,0.000000,0.000000,0.000000,0.000000,hidden,,,,,,,,,
1,00 IN SITU CONCRETE - BEAMS-34,3,1,,,1,,,Construct,,,,,e4570bdf-fa05-5940-8e24-05056f433b02,,Scale,0.0%,0,0.000000,0.000000,0.000000,0.000000,hidden,,,,,,,,,
1,00 IN SITU CONCRETE - BEAMS-99,3,1,,,1,,,Construct,,,,,81e10a9b-f9e2-59f6-b564-6a556838d43a,,Scale,0.0%,0,0.000000,0.000000,0.000000,0.000000,hidden,,,,,,,,,
1,00 IN SITU CONCRETE - PILES-9,3,1,,,1,,,Construct,,,,,7e3610e1-5aa2-5127-8b67-1434f97bbead,,Scale,0.0%,0,0.000000,0.000000,0.000000,0.000000,hidden,,,,,,,,,
1,00 IN SITU CONCRETE - PILES-58,3,1,,,1,,,Construct,,,,,be3e4fdc-7c03-56f8-8ae8-2450592ef95b,,Scale,0.0%,0,0.000000,0.000000,0.000000,0.000000,hidden,,,,,,,,,
1,00 IN SITU CONCRETE - PILES-75,3,1,,,1,,,Construct,,,,,fc657cf9-00a0-5a3b-b944-be940a0f9cb0,,Scale,0.0%,0,0.000000,0.000000,0.000000,0.000000,hidden,,,,,,,,,
1,00 IN SITU CONCRETE - PILES-10,3,1,,,1,,,Construct,,,,,27cc0a3b-3174-5654-95ce-031f595ec618,,Scale,0.0%,0,0.000000,0.000000,0.000000,0.000000,hidden,,,,,,,,,
1,00 IN SITU CONCRETE - PILES-57,3,1,,,1,,,Construct,,,,,93c799e1-8706-52c1-8178-1302ab82ce0d,,Scale,0.0%,0,0.000000,0.000000,0.000000,0.000000,hidden,,,,,,,,,
1,00 IN SITU CONCRETE - PILES-76,3,1,,,1,,,Construct,,,,,4d4d8758-c1e7-5def-86a8-85e162336afa,,Scale,0.0%,0,0.000000,0.000000,0.000000,0.000000,hidden,,,,,,,,,
1,00 IN SITU CONCRETE - PILES-11,3,1,,,1,,,Construct,,,,,42b60c22-d036-5113-bb8d-dad391a4a8a0,,Scale,0.0%,0,0.000000,0.000000,0.000000,0.000000,hidden,,,,,,,,,
1,00 IN SITU CONCRETE - PILES-56,3,1,,,1,,,Construct,,,,,50f3bdc2-1404-54dd-958b-48777eccef3d,,Scale,0.0%,0,0.000000,0.000000,0.000000,0.000000,hidden,,,,,,,,,
1,00 IN SITU CONCRETE - PILES-77,3,1,,,1,,,Construct,,,,,9cd3438a-2ad3-55c5-bc66-34eda763e82a,,Scale,0.0%,0,0.000000,0.000000,0.000000,0.000000,hidden,,,,,,,,,
1,00 IN SITU CONCRETE - PILES-12,3,1,,,1,,,Construct,,,,,9da21ac8-f5b0-5798-9ab0-006c2fcfe609,,Scale,0.0%,0,0.000000,0.000000,0.000000,0.000000,hidden,,,,,,,,,
1,00 IN SITU CONCRETE - PILES-55,3,1,,,1,,,Construct,,,,,e9e1cce7-e88a-52f3-b209-13276da854d9,,Scale,0.0%,0,0.000000,0.000000,0.000000,0.000000,hidden,,,,,,,,,
1,00 IN SITU CONCRETE - PILES-78,3,1,,,1,,,Construct,,,,,398fbd0c-7b58-5b70-9746-f2e13a2b89e7,,Scale,0.0%,0,0.000000,0.000000,0.000000,0.000000,hidden,,,,,,,,,
1,00 IN SITU CONCRETE - PILES-13,3,1,,,1,,,Construct,,,,,880cd875-123b-5bd2-bb22-ac28a6c53616,,Scale,0.0%,0,0.000000,0.000000,0.000000,0.000000,hidden,,,,,,,,,
1,00 IN SITU CONCRETE - PILES-54,3,1,,,1,,,Construct,,,,,94d05082-e4a0-57ff-b506-263ec6b37a7b,,Scale,0.0%,0,0.000000,0.000000,0.000000,0.000000,hidden,,,,,,,,,
1,00 IN SITU CONCRETE - PILES-79,3,1,,,1,,,Construct,,,,,4f2cc5a3-f3ad-52c6-bd97-cc77de1adf9a,,Scale,0.0%,0,0.000000,0.000000,0.000000,0.000000,hidden,,,,,,,,,
1,00 IN SITU CONCRETE - PILES-14,3,1,,,1,,,Construct,,,,,85f52f17-5197-5848-89ac-17005125b58e,,Scale,0.0%,0,0.000000,0.000000,0.000000,0.000000,hidden,,,,,,,,,
1,00 IN SITU CONCRETE - PILES-53,3,1,,,1,,,Construct,,,,,20638bf5-cb29-5635-87df-aff5b66277bb,,Scale,0.0%,0,0.000000,0.000000,0.000000,0.000000,hidden,,,,,,,,,
1,00 IN SITU CONCRETE - PILES-80,3,1,,,1,,,Construct,,,,,1153ba8d-fe46-561e-861e-db849b3fb7e5,,Scale,0.0%,0,0.000000,0.000000,0.000000,0.000000,hidden,,,,,,,,,
1,00 IN SITU CONCRETE - PILES-15,3,1,,,1,,,Construct,,,,,3e7db8a9-daab-5634-b799-6adfcdb8cee1,,Scale,0.0%,0,0.000000,0.000000,0.000000,0.000000,hidden,,,,,,,,,
1,00 IN SITU CONCRETE - PILES-52,3,1,,,1,,,Construct,,,,,81aef6cf-b440-5e93-940b-0924eb8a0d6a,,Scale,0.0%,0,0.000000,0.000000,0.000000,0.000000,hidden,,,,,,,,,
1,00 IN SITU CONCRETE - PILES-81,3,1,,,1,,,Construct,,,,,f0aa2682-200a-548f-a848-aa57fd2c6d2f,,Scale,0.0%,0,0.000000,0.000000,0.000000,0.000000,hidden,,,,,,,,,
1,00 IN SITU CONCRETE - PILES-16,3,1,,,1,,,Construct,,,,,00e6fe1c-d3e0-5ad9-b542-5bad6862cfb4,,Scale,0.0%,0,0.000000,0.000000,0.000000,0.000000,hidden,,,,,,,,,
1,00 IN SITU CONCRETE - PILES-51,3,1,,,1,,,Construct,,,,,9b7e4ec8-8587-53b3-ad3a-089ede82daf1,,Scale,0.0%,0,0.000000,0.000000,0.000000,0.000000,hidden,,,,,,,,,
1,00 IN SITU CONCRETE - PILES-82,3,1,,,1,,,Construct,,,,,7195769f-3190-5392-bd0f-1a6c142dfee9,,Scale,0.0%,0,0.000000,0.000000,0.000000,0.000000,hidden,,,,,,,,,
1,00 IN SITU CONCRETE - PILES-17,3,1,,,1,,,Construct,,,,,53e129a8-b620-5e5b-8b0c-d845c0ca5989,,Scale,0.0%,0,0.000000,0.000000,0.000000,0.000000,hidden,,,,,,,,,
1,00 IN SITU CONCRETE - PILES-50,3,1,,,1,,,Construct,,,,,f900670b-3701-5255-86c2-678129d5db91,,Scale,0.0%,0,0.000000,0.000000,0.000000,0.000000,hidden,,,,,,,,,
1,00 IN SITU CONCRETE - PILES-83,3,1,,,1,,,Construct,,,,,88788cc3-2060-5aec-9823-1caf36fb140c,,Scale,0.0%,0,0.000000,0.000000,0.000000,0.000000,hidden,,,,,,,,,
1,00 IN SITU CONCRETE - PILES-18,3,1,,,1,,,Construct,,,,,ba4680fb-5d42-590e-bed6-f1cc5ff03396,,Scale,0.0%,0,0.000000,0.000000,0.000000,0.000000,hidden,,,,,,,,,
1,00 IN SITU CONCRETE - PILES-49,3,1,,,1,,,Construct,,,,,6219ce13-2197-571c-8387-806ff30f4e22,,Scale,0.0%,0,0.000000,0.000000,0.000000,0.000000,hidden,,,,,,,,,
1,00 IN SITU CONCRETE - PILES-84,3,1,,,1,,,Construct,,,,,7dad27e8-26d6-56f6-89e8-716203891c8d,,Scale,0.0%,0,0.000000,0.000000,0.000000,0.000000,hidden,,,,,,,,,
1,00 IN SITU CONCRETE - PILES-19,3,1,,,1,,,Construct,,,,,a0c2c3f5-4475-5d9e-844d-4475ec79c4e7,,Scale,0.0%,0,0.000000,0.000000,0.000000,0.000000,hidden,,,,,,,,,
1,00 IN SITU CONCRETE - PILES-48,3,1,,,1,,,Construct,,,,,0c135d39-a3db-54a2-9c0f-bb880ef1eb5b,,Scale,0.0%,0,0.000000,0.000000,0.000000,0.000000,hidden,,,,,,,,,
1,00 IN SITU CONCRETE - PILES-85,3,1,,,1,,,Construct,,,,,2b830f0d-d44d-5cc8-a041-86bbf811f3db,,Scale,0.0%,0,0.000000,0.000000,0.000000,0.000000,hidden,,,,,,,,,
1,00 IN SITU CONCRETE - PILES-20,3,1,,,1,,,Construct,,,,,03f45a54-d214-5394-a122-0c4fd1e97d39,,Scale,0.0%,0,0.000000,0.000000,0.000000,0.000000,hidden,,,,,,,,,
1,00 IN SITU CONCRETE - PILES-47,3,1,,,1,,,Construct,,,,,97a57ecf-5d67-5934-b1ff-042b3de2eb56,,Scale,0.0%,0,0.000000,0.000000,0.000000,0.000000,hidden,,,,,,,,,
1,00 IN SITU CONCRETE - PILES-86,3,1,,,1,,,Construct,,,,,c7a8d849-c302-5c5e-bc64-82a17a8057cf,,Scale,0.0%,0,0.000000,0.000000,0.000000,0.000000,hidden,,,,,,,,,
1,00 IN SITU CONCRETE - PILES-21,3,1,,,1,,,Construct,,,,,83a58242-7ebd-5c75-9fe9-f696de4488fc,,Scale,0.0%,0,0.000000,0.000000,0.000000,0.000000,hidden,,,,,,,,,
1,00 IN SITU CONCRETE - PILES-46,3,1,,,1,,,Construct,,,,,2e3543ef-be20-5c85-af20-c0dcb2eeed5d,,Scale,0.0%,0,0.000000,0.000000,0.000000,0.000000,hidden,,,,,,,,,
1,00 IN SITU CONCRETE - PILES-87,3,1,,,1,,,Construct,,,,,381d6b70-49af-5b74-bffd-542bf7447b15,,Scale,0.0%,0,0.000000,0.000000,0.000000,0.000000,hidden,,,,,,,,,
1,00 IN SITU CONCRETE - PILES-22,3,1,,,1,,,Construct,,,,,9022128a-fbb6-5d18-94e5-b81be4a2f7cd,,Scale,0.0%,0,0.000000,0.000000,0.000000,0.000000,hidden,,,,,,,,,
1,00 IN SITU CONCRETE - PILES-45,3,1,,,1,,,Construct,,,,,b943bf4b-b4e5-5242-a42f-984b52c33c7d,,Scale,0.0%,0,0.000000,0.000000,0.000000,0.000000,hidden,,,,,,,,,
1,00 IN SITU CONCRETE - PILES-88,3,1,,,1,,,Construct,,,,,90260a86-15ae-51ce-a8ae-14992dd5cf72,,Scale,0.0%,0,0.000000,0.000000,0.000000,0.000000,hidden,,,,,,,,,
1,00 IN SITU CONCRETE - PILES-23,3,1,,,1,,,Construct,,,,,751e9c4d-a734-51d8-9cca-ac49c15fceba,,Scale,0.0%,0,0.000000,0.000000,0.000000,0.000000,hidden,,,,,,,,,
1,00 IN SITU CONCRETE - PILES-44,3,1,,,1,,,Construct,,,,,573fbdfa-bbe1-5cd5-a8db-a5e29ae8caa1,,Scale,0.0%,0,0.000000,0.000000,0.000000,0.000000,hidden,,,,,,,,,
1,00 IN SITU CONCRETE - PILES-89,3,1,,,1,,,Construct,,,,,ec008c62-4852-5497-b830-2ae3c817f26e,,Scale,0.0%,0,0.000000,0.000000,0.000000,0.000000,hidden,,,,,,,,,
1,00 IN SITU CONCRETE - PILES-24,3,1,,,1,,,Construct,,,,,0fbd2080-044d-5e40-98b6-45e6ebf1a593,,Scale,0.0%,0,0.000000,0.000000,0.000000,0.000000,hidden,,,,,,,,,
1,00 IN SITU CONCRETE - PILES-43,3,1,,,1,,,Construct,,,,,17b4893d-0c7a-5165-9cbe-d7a5c5511e9f,,Scale,0.0%,0,0.000000,0.000000,0.000000,0.000000,hidden,,,,,,,,,
1,00 IN SITU CONCRETE - PILES-90,3,1,,,1,,,Construct,,,,,886d9c0e-fb20-5d2a-87e1-ebdd71ca5127,,Scale,0.0%,0,0.000000,0.000000,0.000000,0.000000,hidden,,,,,,,,,
1,00 IN SITU CONCRETE - PILES-73,3,1,,,1,,,Construct,,,,,9f294ff2-c2fb-550a-9c02-fa4911f24f04,,Scale,0.0%,0,0.000000,0.000000,0.000000,0.000000,hidden,,,,,,,,,
1,00 IN SITU CONCRETE - PILES-60,3,1,,,1,,,Construct,,,,,26ed1008-7784-582b-894f-d5a13e413e83,,Scale,0.0%,0,0.000000,0.000000,0.000000,0.000000,hidden,,,,,,,,,
1,00 IN SITU CONCRETE - PILES-7,3,1,,,1,,,Construct,,,,,80dfecb6-3ec7-5693-a8e0-14efb5458e5a,,Scale,0.0%,0,0.000000,0.000000,0.000000,0.000000,hidden,,,,,,,,,
1,00 IN SITU CONCRETE - PILES-72,3,1,,,1,,,Construct,,,,,dead09cd-09f9-5049-9bfc-348123f690bb,,Scale,0.0%,0,0.000000,0.000000,0.000000,0.000000,hidden,,,,,,,,,
1,00 IN SITU CONCRETE - PILES-61,3,1,,,1,,,Construct,,,,,4ae41367-cbd6-5a1e-b8c2-abd8870f3158,,Scale,0.0%,0,0.000000,0.000000,0.000000,0.000000,hidden,,,,,,,,,
1,00 IN SITU CONCRETE - PILES-6,3,1,,,1,,,Construct,,,,,fa814af4-ec6a-558a-8eec-0640736a5df9,,Scale,0.0%,0,0.000000,0.000000,0.000000,0.000000,hidden,,,,,,,,,
1,00 IN SITU CONCRETE - PILES-71,3,1,,,1,,,Construct,,,,,5eb63e52-a22a-52c8-b846-f44720a04c39,,Scale,0.0%,0,0.000000,0.000000,0.000000,0.000000,hidden,,,,,,,,,
1,00 IN SITU CONCRETE - PILES-62,3,1,,,1,,,Construct,,,,,4418c226-a129-501a-af77-3c1a046edb7b,,Scale,0.0%,0,0.000000,0.000000,0.000000,0.000000,hidden,,,,,,,,,
1,00 IN SITU CONCRETE - PILES-5,3,1,,,1,,,Construct,,,,,ffcd0bf0-cf1a-57dc-a7aa-b7de0b499773,,Scale,0.0%,0,0.000000,0.000000,0.000000,0.000000,hidden,,,,,,,,,
1,00 IN SITU CONCRETE - PILES-70,3,1,,,1,,,Construct,,,,,e5a99a95-49e8-5ab6-a034-5f3a31b8e76e,,Scale,0.0%,0,0.000000,0.000000,0.000000,0.000000,hidden,,,,,,,,,
1,00 IN SITU CONCRETE - PILES-63,3,1,,,1,,,Construct,,,,,a85142b7-9ce5-5fe5-999c-fd55db555475,,Scale,0.0%,0,0.000000,0.000000,0.000000,0.000000,hidden,,,,,,,,,
1,00 IN SITU CONCRETE - PILES-4,3,1,,,1,,,Construct,,,,,2bc6ed4e-3863-5d05-b527-56f31061176e,,Scale,0.0%,0,0.000000,0.000000,0.000000,0.000000,hidden,,,,,,,,,
1,00 IN SITU CONCRETE - PILES-69,3,1,,,1,,,Construct,,,,,33f5d788-2533-53eb-b6d1-b451718d7ec7,,Scale,0.0%,0,0.000000,0.000000,0.000000,0.000000,hidden,,,,,,,,,
1,00 IN SITU CONCRETE - PILES-64,3,1,,,1,,,Construct,,,,,fe1270af-9c3d-5b45-915c-57b9ac25d099,,Scale,0.0%,0,0.000000,0.000000,0.000000,0.000000,hidden,,,,,,,,,
1,00 IN SITU CONCRETE - PILES-3,3,1,,,1,,,Construct,,,,,4b869243-2445-5ccd-9d1d-d1d49cfab031,,Scale,0.0%,0,0.000000,0.000000,0.000000,0.000000,hidden,,,,,,,,,
1,00 IN SITU CONCRETE - PILES-68,3,1,,,1,,,Construct,,,,,eba62084-8a8a-5005-8abe-4458d799aab6,,Scale,0.0%,0,0.000000,0.000000,0.000000,0.000000,hidden,,,,,,,,,
1,00 IN SITU CONCRETE - PILES-65,3,1,,,1,,,Construct,,,,,bf3351e8-dece-522c-bae8-3cd1ea89b8ba,,Scale,0.0%,0,0.000000,0.000000,0.000000,0.000000,hidden,,,,,,,,,
1,00 IN SITU CONCRETE - PILES-2,3,1,,,1,,,Construct,,,,,9b99f7c0-040e-5b13-a8e7-f93e75799bad,,Scale,0.0%,0,0.000000,0.000000,0.000000,0.000000,hidden,,,,,,,,,
1,00 IN SITU CONCRETE - PILES-67,3,1,,,1,,,Construct,,,,,6040721d-296f-5f98-af70-bc0cf898a950,,Scale,0.0%,0,0.000000,0.000000,0.000000,0.000000,hidden,,,,,,,,,
1,00 IN SITU CONCRETE - PILES-66,3,1,,,1,,,Construct,,,,,5c2cbd53-943f-5fa2-b8d5-7a47b981db2f,,Scale,0.0%,0,0.000000,0.000000,0.000000,0.000000,hidden,,,,,,,,,
1,00 IN SITU CONCRETE - PILES-1,3,1,,,1,,,Construct,,,,,67845ac3-88de-59fa-8bff-c7adbcb3313b,,Scale,0.0%,0,0.000000,0.000000,0.000000,0.000000,hidden,,,,,,,,,
1,00 IN SITU CONCRETE - PILES-74,3,1,,,1,,,Construct,,,,,d65a1149-957c-5bc4-a4cf-da5b34f0c784,,Scale,0.0%,0,0.000000,0.000000,0.000000,0.000000,hidden,,,,,,,,,
1,00 IN SITU CONCRETE - PILES-59,3,1,,,1,,,Construct,,,,,8c4dd5c2-89e3-58da-a9e9-6f4764d9fe2c,,Scale,0.0%,0,0.000000,0.000000,0.000000,0.000000,hidden,,,,,,,,,
1,00 IN SITU CONCRETE - PILES-8,3,1,,,1,,,Construct,,,,,7d65ef11-aab8-539d-a945-f44be2c970a3,,Scale,0.0%,0,0.000000,0.000000,0.000000,0.000000,hidden,,,,,,,,,
1,00 IN SITU CONCRETE - PILES-25,3,1,,,1,,,Construct,,,,,cb0a9b92-4084-5c15-9598-fa7611c1db11,,Scale,0.0%,0,0.000000,0.000000,0.000000,0.000000,hidden,,,,,,,,,
1,00 IN SITU CONCRETE - PILES-42,3,1,,,1,,,Construct,,,,,6f5dc202-47a7-50bd-b08a-6ffac873a726,,Scale,0.0%,0,0.000000,0.000000,0.000000,0.000000,hidden,,,,,,,,,
1,00 IN SITU CONCRETE - PILES-91,3,1,,,1,,,Construct,,,,,3ab92f75-9e27-568d-9638-7ef10065b745,,Scale,0.0%,0,0.000000,0.000000,0.000000,0.000000,hidden,,,,,,,,,
1,00 IN SITU CONCRETE - PILES-26,3,1,,,1,,,Construct,,,,,ce9e681a-a500-5d58-b8c6-ca312ad07e57,,Scale,0.0%,0,0.000000,0.000000,0.000000,0.000000,hidden,,,,,,,,,
1,00 IN SITU CONCRETE - PILES-41,3,1,,,1,,,Construct,,,,,0c84a977-5084-5b3a-8d98-9aa320dd784a,,Scale,0.0%,0,0.000000,0.000000,0.000000,0.000000,hidden,,,,,,,,,
1,00 IN SITU CONCRETE - PILES-92,3,1,,,1,,,Construct,,,,,2d0402ab-723e-50fd-b54f-3d9661b959cb,,Scale,0.0%,0,0.000000,0.000000,0.000000,0.000000,hidden,,,,,,,,,
1,00 IN SITU CONCRETE - PILES-27,3,1,,,1,,,Construct,,,,,afd56d9d-049c-586e-a292-70cce9905b27,,Scale,0.0%,0,0.000000,0.000000,0.000000,0.000000,hidden,,,,,,,,,
1,00 IN SITU CONCRETE - PILES-40,3,1,,,1,,,Construct,,,,,3ec34b71-cfd4-5cf7-b350-7027bed1a22d,,Scale,0.0%,0,0.000000,0.000000,0.000000,0.000000,hidden,,,,,,,,,
1,00 IN SITU CONCRETE - PILES-93,3,1,,,1,,,Construct,,,,,0f208b88-526e-5061-893c-27bc4c4ece16,,Scale,0.0%,0,0.000000,0.000000,0.000000,0.000000,hidden,,,,,,,,,
1,00 IN SITU CONCRETE - PILES-28,3,1,,,1,,,Construct,,,,,f251fe60-5a47-5f81-8a1f-fc1330c3fe81,,Scale,0.0%,0,0.000000,0.000000,0.000000,0.000000,hidden,,,,,,,,,
1,00 IN SITU CONCRETE - PILES-39,3,1,,,1,,,Construct,,,,,243d0652-3f64-54de-ba6c-421d36919bf9,,Scale,0.0%,0,0.000000,0.000000,0.000000,0.000000,hidden,,,,,,,,,
1,00 IN SITU CONCRETE - PILES-94,3,1,,,1,,,Construct,,,,,8abce008-5b64-5745-a3b4-620468cd106d,,Scale,0.0%,0,0.000000,0.000000,0.000000,0.000000,hidden,,,,,,,,,
1,00 IN SITU CONCRETE - PILES-29,3,1,,,1,,,Construct,,,,,e7903c63-9d5b-5e54-a65f-203dc089226d,,Scale,0.0%,0,0.000000,0.000000,0.000000,0.000000,hidden,,,,,,,,,
1,00 IN SITU CONCRETE - PILES-38,3,1,,,1,,,Construct,,,,,39af3c28-ce2e-53bb-aa93-68f285b31b62,,Scale,0.0%,0,0.000000,0.000000,0.000000,0.000000,hidden,,,,,,,,,
1,00 IN SITU CONCRETE - PILES-95,3,1,,,1,,,Construct,,,,,b2c168f9-de58-5d1c-8c47-a1b0fdb08ca0,,Scale,0.0%,0,0.000000,0.000000,0.000000,0.000000,hidden,,,,,,,,,
1,00 IN SITU CONCRETE - PILES-30,3,1,,,1,,,Construct,,,,,d82d1db9-fcdd-5ebd-9f1b-f55b091ba721,,Scale,0.0%,0,0.000000,0.000000,0.000000,0.000000,hidden,,,,,,,,,
1,00 IN SITU CONCRETE - PILES-37,3,1,,,1,,,Construct,,,,,f77222ce-e4a9-5dda-b190-f657ecabc81d,,Scale,0.0%,0,0.000000,0.000000,0.000000,0.000000,hidden,,,,,,,,,
1,00 IN SITU CONCRETE - PILES-96,3,1,,,1,,,Construct,,,,,1c8c126e-e831-5e5a-8dbc-eb7d8da1bff0,,Scale,0.0%,0,0.000000,0.000000,0.000000,0.000000,hidden,,,,,,,,,
1,00 IN SITU CONCRETE - PILES-31,3,1,,,1,,,Construct,,,,,6b52bfd8-d4ea-5e95-9270-4e14085d27d3,,Scale,0.0%,0,0.000000,0.000000,0.000000,0.000000,hidden,,,,,,,,,
1,00 IN SITU CONCRETE - PILES-36,3,1,,,1,,,Construct,,,,,746f2e8c-84ac-579e-9eba-7c8994fe6fda,,Scale,0.0%,0,0.000000,0.000000,0.000000,0.000000,hidden,,,,,,,,,
1,00 IN SITU CONCRETE - PILES-97,3,1,,,1,,,Construct,,,,,ad39efb2-8686-5c14-8ee0-20de70822c44,,Scale,0.0%,0,0.000000,0.000000,0.000000,0.000000,hidden,,,,,,,,,
1,00 IN SITU CONCRETE - PILES-32,3,1,,,1,,,Construct,,,,,846c0931-e718-5b0b-bdd2-ea71a28bf31b,,Scale,0.0%,0,0.000000,0.000000,0.000000,0.000000,hidden,,,,,,,,,
1,00 IN SITU CONCRETE - PILES-35,3,1,,,1,,,Construct,,,,,cf46a3a1-e4fc-59c4-9129-c4075dfb2157,,Scale,0.0%,0,0.000000,0.000000,0.000000,0.000000,hidden,,,,,,,,,
1,00 IN SITU CONCRETE - PILES-98,3,1,,,1,,,Construct,,,,,d452d3b8-1c80-5201-8452-66e4665cc4bc,,Scale,0.0%,0,0.000000,0.000000,0.000000,0.000000,hidden,,,,,,,,,
1,00 IN SITU CONCRETE - PILES-33,3,1,,,1,,,Construct,,,,,7386f109-6daa-5280-b631-9bc21182faff,,Scale,0.0%,0,0.000000,0.000000,0.000000,0.000000,hidden,,,,,,,,,
1,00 IN SITU CONCRETE - PILES-34,3,1,,,1,,,Construct,,,,,1ab45852-dc2b-5f59-b212-70379da92536,,Scale,0.0%,0,0.000000,0.000000,0.000000,0.000000,hidden,,,,,,,,,
1,00 IN SITU CONCRETE - PILES-99,3,1,,,1,,,Construct,,,,,d8c92380-73d8-5f8e-bc66-ccb2e5c88073,,Scale,0.0%,0,0.000000,0.000000,0.000000,0.000000,hidden,,,,,,,,,
1,HPDA.CON.CP.10051,2,1,,,1,16/09/2023,20/09/2023,,,,,,Removal of Working Platform,,Scale,0.0%,0,0.000000,0.000000,0.000000,0.000000,,,,,,,,,,
1,HPDA.CON.CP.10060,2,1,,,1,21/09/2023,23/09/2023,,,,,,Installation of Bearing Pads & Expansion Joints,,Scale,0.0%,0,0.000000,0.000000,0.000000,0.000000,,,,,,,,,,
1,HPDA.CON.CP.10061,2,1,,,1,23/09/2023,25/09/2023,,,,,,Preparation of Works for Insitu Concrete,,Scale,0.0%,0,0.000000,0.000000,0.000000,0.000000,,,,,,,,,,
1,HPDA.CON.CP.10080,2,1,,,1,26/09/2023,07/10/2023,,,,,,Installation of Precast Slabs,,Scale,0.0%,0,0.000000,0.000000,0.000000,0.000000,,,,,,,,,,
1,00 SLABS - SL6A-2,3,1,,,1,,,Construct,,,,,0081a8c0-2de9-5bb8-95c2-ca5b895a7077,,Scale,0.0%,0,0.000000,0.000000,0.000000,0.000000,hidden,,,,,,,,,
1,00 SLABS - SL6A-1,3,1,,,1,,,Construct,,,,,e7350b65-e701-5b07-bcb8-79b3acba3522,,Scale,0.0%,0,0.000000,0.000000,0.000000,0.000000,hidden,,,,,,,,,
1,00 SLABS - SL6B-2,3,1,,,1,,,Construct,,,,,c3121767-b40f-5518-811f-5b4e4d9a854d,,Scale,0.0%,0,0.000000,0.000000,0.000000,0.000000,hidden,,,,,,,,,
1,00 SLABS - SL6B-1,3,1,,,1,,,Construct,,,,,c3150407-b902-55a9-a9de-765dd85bb51c,,Scale,0.0%,0,0.000000,0.000000,0.000000,0.000000,hidden,,,,,,,,,
1,00 SLABS - SL1-84,3,1,,,1,,,Construct,,,,,75c0e6ac-4c85-5523-96dd-a2df2a729b6b,,Scale,0.0%,0,0.000000,0.000000,0.000000,0.000000,hidden,,,,,,,,,
1,00 SLABS - SL1-83,3,1,,,1,,,Construct,,,,,776e83ef-296d-5e50-b44b-9b23c7a9c335,,Scale,0.0%,0,0.000000,0.000000,0.000000,0.000000,hidden,,,,,,,,,
1,00 SLABS - SL1-82,3,1,,,1,,,Construct,,,,,ac4762df-585b-517b-a227-953a17e13cbf,,Scale,0.0%,0,0.000000,0.000000,0.000000,0.000000,hidden,,,,,,,,,
1,00 SLABS - SL1-81,3,1,,,1,,,Construct,,,,,c55d14ca-0228-50f0-8d67-af585eb41a2e,,Scale,0.0%,0,0.000000,0.000000,0.000000,0.000000,hidden,,,,,,,,,
1,00 SLABS - SL1-80,3,1,,,1,,,Construct,,,,,ea70f250-a3c6-50b2-8201-bd447ef5acc5,,Scale,0.0%,0,0.000000,0.000000,0.000000,0.000000,hidden,,,,,,,,,
1,00 SLABS - SL1-79,3,1,,,1,,,Construct,,,,,4aad810c-a642-5a76-b607-fc7d2d0684ea,,Scale,0.0%,0,0.000000,0.000000,0.000000,0.000000,hidden,,,,,,,,,
1,00 SLABS - SL1-78,3,1,,,1,,,Construct,,,,,d59e49d6-5b1e-5cc8-a89b-cb8a0f2b2b21,,Scale,0.0%,0,0.000000,0.000000,0.000000,0.000000,hidden,,,,,,,,,
1,00 SLABS - SL1-77,3,1,,,1,,,Construct,,,,,29fd52a1-c6a4-517d-9537-87eb985c7452,,Scale,0.0%,0,0.000000,0.000000,0.000000,0.000000,hidden,,,,,,,,,
1,00 SLABS - SL1-76,3,1,,,1,,,Construct,,,,,c64986ff-9322-5f17-9c88-44f380ec5944,,Scale,0.0%,0,0.000000,0.000000,0.000000,0.000000,hidden,,,,,,,,,
1,00 SLABS - SL1-75,3,1,,,1,,,Construct,,,,,0afe9a4f-89ff-5826-9082-9fd10c1db043,,Scale,0.0%,0,0.000000,0.000000,0.000000,0.000000,hidden,,,,,,,,,
1,00 SLABS - SL1-74,3,1,,,1,,,Construct,,,,,75dca6ed-c6bd-5456-b543-0a4e474d9a3b,,Scale,0.0%,0,0.000000,0.000000,0.000000,0.000000,hidden,,,,,,,,,
1,00 SLABS - SL1-73,3,1,,,1,,,Construct,,,,,467d1003-6806-5693-b6b9-07b845f8544b,,Scale,0.0%,0,0.000000,0.000000,0.000000,0.000000,hidden,,,,,,,,,
1,00 SLABS - SL1-72,3,1,,,1,,,Construct,,,,,40e28b62-6d23-5007-a763-8d51d40d58c8,,Scale,0.0%,0,0.000000,0.000000,0.000000,0.000000,hidden,,,,,,,,,
1,00 SLABS - SL1-71,3,1,,,1,,,Construct,,,,,db390f68-ec4d-55e4-a2d1-1b66ab35b4ed,,Scale,0.0%,0,0.000000,0.000000,0.000000,0.000000,hidden,,,,,,,,,
1,00 SLABS - SL1-70,3,1,,,1,,,Construct,,,,,029304f8-3276-58a2-98eb-e9354eadfde8,,Scale,0.0%,0,0.000000,0.000000,0.000000,0.000000,hidden,,,,,,,,,
1,00 SLABS - SL1-69,3,1,,,1,,,Construct,,,,,909daefb-4281-5512-bd20-dd75e310cb75,,Scale,0.0%,0,0.000000,0.000000,0.000000,0.000000,hidden,,,,,,,,,
1,00 SLABS - SL1-68,3,1,,,1,,,Construct,,,,,1a9e5806-56b4-5f98-ab01-583568886110,,Scale,0.0%,0,0.000000,0.000000,0.000000,0.000000,hidden,,,,,,,,,
1,00 SLABS - SL1-67,3,1,,,1,,,Construct,,,,,ec6acea1-7693-5ef2-bc92-afb1fd2a485f,,Scale,0.0%,0,0.000000,0.000000,0.000000,0.000000,hidden,,,,,,,,,
1,00 SLABS - SL1-66,3,1,,,1,,,Construct,,,,,7af22b59-f6fa-5cf6-8224-e7e77db3671d,,Scale,0.0%,0,0.000000,0.000000,0.000000,0.000000,hidden,,,,,,,,,
1,00 SLABS - SL1-65,3,1,,,1,,,Construct,,,,,0e6d64ab-90db-579b-b53b-51d75b3f859f,,Scale,0.0%,0,0.000000,0.000000,0.000000,0.000000,hidden,,,,,,,,,
1,00 SLABS - SL1-64,3,1,,,1,,,Construct,,,,,cbdd0db5-828a-51ef-ba7c-85d2ddd09226,,Scale,0.0%,0,0.000000,0.000000,0.000000,0.000000,hidden,,,,,,,,,
1,00 SLABS - SL1-63,3,1,,,1,,,Construct,,,,,430cecf4-5535-51e7-8064-bc3dd653c05b,,Scale,0.0%,0,0.000000,0.000000,0.000000,0.000000,hidden,,,,,,,,,
1,00 SLABS - SL1-62,3,1,,,1,,,Construct,,,,,277c671d-68da-5ed8-be08-22495b050b15,,Scale,0.0%,0,0.000000,0.000000,0.000000,0.000000,hidden,,,,,,,,,
1,00 SLABS - SL1-61,3,1,,,1,,,Construct,,,,,b52a31fd-3fbd-5141-b838-6864bf35c2e3,,Scale,0.0%,0,0.000000,0.000000,0.000000,0.000000,hidden,,,,,,,,,
1,00 SLABS - SL1-60,3,1,,,1,,,Construct,,,,,5fa074b2-65a5-53f2-b805-c1452969c541,,Scale,0.0%,0,0.000000,0.000000,0.000000,0.000000,hidden,,,,,,,,,
1,00 SLABS - SL1-59,3,1,,,1,,,Construct,,,,,613c6672-ae34-5398-bc85-8fae88c59673,,Scale,0.0%,0,0.000000,0.000000,0.000000,0.000000,hidden,,,,,,,,,
1,00 SLABS - SL1-58,3,1,,,1,,,Construct,,,,,422552d1-9a6f-523a-a9e5-88bc4fbe7744,,Scale,0.0%,0,0.000000,0.000000,0.000000,0.000000,hidden,,,,,,,,,
1,00 SLABS - SL1-57,3,1,,,1,,,Construct,,,,,8ec7c518-fe43-5d91-958c-b7ba4a282c0a,,Scale,0.0%,0,0.000000,0.000000,0.000000,0.000000,hidden,,,,,,,,,
1,00 SLABS - SL1-56,3,1,,,1,,,Construct,,,,,eb5c1789-35e5-5f44-bb55-524a8fd5846a,,Scale,0.0%,0,0.000000,0.000000,0.000000,0.000000,hidden,,,,,,,,,
1,00 SLABS - SL1-55,3,1,,,1,,,Construct,,,,,2f7c4d9b-fd7d-5229-9a08-d37dfeda6ba7,,Scale,0.0%,0,0.000000,0.000000,0.000000,0.000000,hidden,,,,,,,,,
1,00 SLABS - SL1-54,3,1,,,1,,,Construct,,,,,561a2656-e44d-5019-9d8f-bbd190575d5f,,Scale,0.0%,0,0.000000,0.000000,0.000000,0.000000,hidden,,,,,,,,,
1,00 SLABS - SL1-53,3,1,,,1,,,Construct,,,,,4b8da0dc-1b96-5f3e-9435-ecb0182ed6c4,,Scale,0.0%,0,0.000000,0.000000,0.000000,0.000000,hidden,,,,,,,,,
1,00 SLABS - SL1-52,3,1,,,1,,,Construct,,,,,7a5fe447-211c-5b25-86a5-92b061f01abc,,Scale,0.0%,0,0.000000,0.000000,0.000000,0.000000,hidden,,,,,,,,,
1,00 SLABS - SL1-51,3,1,,,1,,,Construct,,,,,6f9b22f8-a054-5310-9376-f66febb54895,,Scale,0.0%,0,0.000000,0.000000,0.000000,0.000000,hidden,,,,,,,,,
1,00 SLABS - SL1-50,3,1,,,1,,,Construct,,,,,46539f42-990d-577b-b3e8-b0e73f3a8737,,Scale,0.0%,0,0.000000,0.000000,0.000000,0.000000,hidden,,,,,,,,,
1,00 SLABS - SL1-49,3,1,,,1,,,Construct,,,,,a6ccfe13-a1df-58fb-987d-9bf31a61136c,,Scale,0.0%,0,0.000000,0.000000,0.000000,0.000000,hidden,,,,,,,,,
1,00 SLABS - SL1-48,3,1,,,1,,,Construct,,,,,3103b18f-8ba6-54b3-9156-5698933a6915,,Scale,0.0%,0,0.000000,0.000000,0.000000,0.000000,hidden,,,,,,,,,
1,00 SLABS - SL1-47,3,1,,,1,,,Construct,,,,,58ffdc54-e049-54fc-a966-ade433c795f9,,Scale,0.0%,0,0.000000,0.000000,0.000000,0.000000,hidden,,,,,,,,,
1,00 SLABS - SL1-46,3,1,,,1,,,Construct,,,,,bcedbf00-8e86-594e-9b80-2caf9bd643b9,,Scale,0.0%,0,0.000000,0.000000,0.000000,0.000000,hidden,,,,,,,,,
1,00 SLABS - SL1-45,3,1,,,1,,,Construct,,,,,df858cc0-f34f-51e5-a742-1881d624757b,,Scale,0.0%,0,0.000000,0.000000,0.000000,0.000000,hidden,,,,,,,,,
1,00 SLABS - SL1-44,3,1,,,1,,,Construct,,,,,03ae126a-a17b-566c-88a8-f1c6b6ca3d1b,,Scale,0.0%,0,0.000000,0.000000,0.000000,0.000000,hidden,,,,,,,,,
1,00 SLABS - SL1-43,3,1,,,1,,,Construct,,,,,acea19e5-3047-5c68-9e78-8c6653f034a1,,Scale,0.0%,0,0.000000,0.000000,0.000000,0.000000,hidden,,,,,,,,,
1,00 SLABS - SL1-42,3,1,,,1,,,Construct,,,,,b4872db6-5532-5007-94ea-33c150bd91a6,,Scale,0.0%,0,0.000000,0.000000,0.000000,0.000000,hidden,,,,,,,,,
1,00 SLABS - SL1-41,3,1,,,1,,,Construct,,,,,5405d302-ebaf-596d-bb3b-b5f952bda563,,Scale,0.0%,0,0.000000,0.000000,0.000000,0.000000,hidden,,,,,,,,,
1,00 SLABS - SL1-40,3,1,,,1,,,Construct,,,,,4a2a7f71-8aa5-5e2f-84f2-1bf5e5392c31,,Scale,0.0%,0,0.000000,0.000000,0.000000,0.000000,hidden,,,,,,,,,
1,00 SLABS - SL1-39,3,1,,,1,,,Construct,,,,,0ac4ff90-4512-50ab-b231-0ce8fa4aab54,,Scale,0.0%,0,0.000000,0.000000,0.000000,0.000000,hidden,,,,,,,,,
1,00 SLABS - SL1-38,3,1,,,1,,,Construct,,,,,b960e945-39e2-5e0a-b006-32b1b6f14ec4,,Scale,0.0%,0,0.000000,0.000000,0.000000,0.000000,hidden,,,,,,,,,
1,00 SLABS - SL1-37,3,1,,,1,,,Construct,,,,,c2ec492c-bf3f-507d-956d-9153d738bc40,,Scale,0.0%,0,0.000000,0.000000,0.000000,0.000000,hidden,,,,,,,,,
1,00 SLABS - SL1-36,3,1,,,1,,,Construct,,,,,661ba60f-d276-54f8-85ce-593e1a761119,,Scale,0.0%,0,0.000000,0.000000,0.000000,0.000000,hidden,,,,,,,,,
1,00 SLABS - SL1-35,3,1,,,1,,,Construct,,,,,ca1daa38-47e5-5f39-ad64-d40835a9325a,,Scale,0.0%,0,0.000000,0.000000,0.000000,0.000000,hidden,,,,,,,,,
1,00 SLABS - SL1-34,3,1,,,1,,,Construct,,,,,e8aeb8de-20d5-52c0-a4b3-fd170a06e559,,Scale,0.0%,0,0.000000,0.000000,0.000000,0.000000,hidden,,,,,,,,,
1,00 SLABS - SL1-33,3,1,,,1,,,Construct,,,,,7ef11daa-e9d9-539c-9453-f104483fdfdf,,Scale,0.0%,0,0.000000,0.000000,0.000000,0.000000,hidden,,,,,,,,,
1,00 SLABS - SL1-32,3,1,,,1,,,Construct,,,,,fbfbbec8-e352-5899-bf06-c80afc3c9764,,Scale,0.0%,0,0.000000,0.000000,0.000000,0.000000,hidden,,,,,,,,,
1,00 SLABS - SL1-31,3,1,,,1,,,Construct,,,,,36ea520c-5f37-519f-acfe-207e3894bf93,,Scale,0.0%,0,0.000000,0.000000,0.000000,0.000000,hidden,,,,,,,,,
1,00 SLABS - SL1-30,3,1,,,1,,,Construct,,,,,397e29a7-dec4-5018-bb08-e5bda35bdc7f,,Scale,0.0%,0,0.000000,0.000000,0.000000,0.000000,hidden,,,,,,,,,
1,00 SLABS - SL1-29,3,1,,,1,,,Construct,,,,,1d6bb6b8-204d-5019-94d7-a86d16575459,,Scale,0.0%,0,0.000000,0.000000,0.000000,0.000000,hidden,,,,,,,,,
1,00 SLABS - SL1-28,3,1,,,1,,,Construct,,,,,e4b8a256-fcdc-5ca1-8ce8-9b3b86e35603,,Scale,0.0%,0,0.000000,0.000000,0.000000,0.000000,hidden,,,,,,,,,
1,00 SLABS - SL1-27,3,1,,,1,,,Construct,,,,,20de0b80-e149-5dc7-b9f6-1e4fe4f491ec,,Scale,0.0%,0,0.000000,0.000000,0.000000,0.000000,hidden,,,,,,,,,
1,00 SLABS - SL1-26,3,1,,,1,,,Construct,,,,,9b990ca5-7b71-50d2-b0b9-edd402fc0afe,,Scale,0.0%,0,0.000000,0.000000,0.000000,0.000000,hidden,,,,,,,,,
1,00 SLABS - SL1-25,3,1,,,1,,,Construct,,,,,e4bce915-5b32-5e01-a97d-70690293e7d9,,Scale,0.0%,0,0.000000,0.000000,0.000000,0.000000,hidden,,,,,,,,,
1,00 SLABS - SL1-24,3,1,,,1,,,Construct,,,,,30185e3b-53a0-5d5f-a96e-54343ec47bb1,,Scale,0.0%,0,0.000000,0.000000,0.000000,0.000000,hidden,,,,,,,,,
1,00 SLABS - SL1-23,3,1,,,1,,,Construct,,,,,4d403d5a-d771-58de-8d22-b96b14b4c610,,Scale,0.0%,0,0.000000,0.000000,0.000000,0.000000,hidden,,,,,,,,,
1,00 SLABS - SL1-22,3,1,,,1,,,Construct,,,,,c92d142b-cb36-5053-888e-1cfbf12098a5,,Scale,0.0%,0,0.000000,0.000000,0.000000,0.000000,hidden,,,,,,,,,
1,00 SLABS - SL1-21,3,1,,,1,,,Construct,,,,,ff8e4754-6de2-525a-aacc-715c4ad82dfd,,Scale,0.0%,0,0.000000,0.000000,0.000000,0.000000,hidden,,,,,,,,,
1,00 SLABS - SL1-20,3,1,,,1,,,Construct,,,,,f446809f-a9f0-56c3-ac78-f848489757b2,,Scale,0.0%,0,0.000000,0.000000,0.000000,0.000000,hidden,,,,,,,,,
1,00 SLABS - SL1-19,3,1,,,1,,,Construct,,,,,4ec91626-e46d-50cf-a49b-b9bad8f26f3c,,Scale,0.0%,0,0.000000,0.000000,0.000000,0.000000,hidden,,,,,,,,,
1,00 SLABS - SL1-18,3,1,,,1,,,Construct,,,,,40e4b2e7-cb29-537c-9530-d76e7c83cf09,,Scale,0.0%,0,0.000000,0.000000,0.000000,0.000000,hidden,,,,,,,,,
1,00 SLABS - SL1-17,3,1,,,1,,,Construct,,,,,2147dad3-3ecd-5c98-8106-848b0330fcb1,,Scale,0.0%,0,0.000000,0.000000,0.000000,0.000000,hidden,,,,,,,,,
1,00 SLABS - SL1-16,3,1,,,1,,,Construct,,,,,b54a4dce-9825-5268-a439-d02068a37c65,,Scale,0.0%,0,0.000000,0.000000,0.000000,0.000000,hidden,,,,,,,,,
1,00 SLABS - SL1-15,3,1,,,1,,,Construct,,,,,03581454-67b0-58e0-97b8-11dc77f03cff,,Scale,0.0%,0,0.000000,0.000000,0.000000,0.000000,hidden,,,,,,,,,
1,00 SLABS - SL1-14,3,1,,,1,,,Construct,,,,,c51e46b8-ea78-59b8-ad04-775c5082e2b8,,Scale,0.0%,0,0.000000,0.000000,0.000000,0.000000,hidden,,,,,,,,,
1,00 SLABS - SL1-13,3,1,,,1,,,Construct,,,,,1933bdce-fe21-5dd7-8fff-c6c74436f773,,Scale,0.0%,0,0.000000,0.000000,0.000000,0.000000,hidden,,,,,,,,,
1,00 SLABS - SL1-12,3,1,,,1,,,Construct,,,,,2a00837e-3b17-56f1-aeda-79f1abad1e69,,Scale,0.0%,0,0.000000,0.000000,0.000000,0.000000,hidden,,,,,,,,,
1,00 SLABS - SL1-11,3,1,,,1,,,Construct,,,,,6038152a-5b8a-5e86-9b45-5037ad54bef8,,Scale,0.0%,0,0.000000,0.000000,0.000000,0.000000,hidden,,,,,,,,,
1,00 SLABS - SL1-10,3,1,,,1,,,Construct,,,,,87d7dc67-f9ee-58a3-a991-6cc62f62b9a8,,Scale,0.0%,0,0.000000,0.000000,0.000000,0.000000,hidden,,,,,,,,,
1,00 SLABS - SL1-9,3,1,,,1,,,Construct,,,,,c59fc780-074f-59ae-9581-7a10fe71b93d,,Scale,0.0%,0,0.000000,0.000000,0.000000,0.000000,hidden,,,,,,,,,
1,00 SLABS - SL1-8,3,1,,,1,,,Construct,,,,,7854306e-89b7-55a4-8a7a-d5cde9169327,,Scale,0.0%,0,0.000000,0.000000,0.000000,0.000000,hidden,,,,,,,,,
1,00 SLABS - SL1-7,3,1,,,1,,,Construct,,,,,2ffb826b-5bfc-53be-9033-106d1226a336,,Scale,0.0%,0,0.000000,0.000000,0.000000,0.000000,hidden,,,,,,,,,
1,00 SLABS - SL1-6,3,1,,,1,,,Construct,,,,,a2a9006b-6d63-5c8b-9157-269ee515dda2,,Scale,0.0%,0,0.000000,0.000000,0.000000,0.000000,hidden,,,,,,,,,
1,00 SLABS - SL1-5,3,1,,,1,,,Construct,,,,,428f1b32-0962-57eb-83a7-7ffc858bb4bc,,Scale,0.0%,0,0.000000,0.000000,0.000000,0.000000,hidden,,,,,,,,,
1,00 SLABS - SL1-4,3,1,,,1,,,Construct,,,,,ae383c14-ff25-5bc2-9c18-31193558db70,,Scale,0.0%,0,0.000000,0.000000,0.000000,0.000000,hidden,,,,,,,,,
1,00 SLABS - SL1-3,3,1,,,1,,,Construct,,,,,53766e11-e608-5d78-8e43-04718079a94c,,Scale,0.0%,0,0.000000,0.000000,0.000000,0.000000,hidden,,,,,,,,,
1,00 SLABS - SL1-2,3,1,,,1,,,Construct,,,,,d64039ee-80ec-5616-971e-a4492a76ad3e,,Scale,0.0%,0,0.000000,0.000000,0.000000,0.000000,hidden,,,,,,,,,
1,00 SLABS - SL1-1,3,1,,,1,,,Construct,,,,,7e2f3634-dce2-5b55-9b10-299c359bafb5,,Scale,0.0%,0,0.000000,0.000000,0.000000,0.000000,hidden,,,,,,,,,
1,00 SLABS - SL8A-2,3,1,,,1,,,Construct,,,,,56949ed9-3778-5aeb-bac7-dd1be410de1c,,Scale,0.0%,0,0.000000,0.000000,0.000000,0.000000,hidden,,,,,,,,,
1,00 SLABS - SL8A-1,3,1,,,1,,,Construct,,,,,99f2ecf1-47f7-51d0-ae3e-8bb49f42ea6a,,Scale,0.0%,0,0.000000,0.000000,0.000000,0.000000,hidden,,,,,,,,,
1,00 SLABS - SL5A-2,3,1,,,1,,,Construct,,,,,1137bc10-85d4-5b10-a826-db66538cb82c,,Scale,0.0%,0,0.000000,0.000000,0.000000,0.000000,hidden,,,,,,,,,
1,00 SLABS - SL5A-1,3,1,,,1,,,Construct,,,,,b2fcadee-fb5f-58b9-9fa1-fdca13ddeca9,,Scale,0.0%,0,0.000000,0.000000,0.000000,0.000000,hidden,,,,,,,,,
1,00 SLABS - SL5B-2,3,1,,,1,,,Construct,,,,,757802fb-d110-5521-9ec5-d9edad946143,,Scale,0.0%,0,0.000000,0.000000,0.000000,0.000000,hidden,,,,,,,,,
1,00 SLABS - SL5B-1,3,1,,,1,,,Construct,,,,,76ec192c-6c15-5347-bc4b-8513302e43d3,,Scale,0.0%,0,0.000000,0.000000,0.000000,0.000000,hidden,,,,,,,,,
1,00 SLABS - SL8B-2,3,1,,,1,,,Construct,,,,,97059d3e-3db5-5070-ab05-786028a0ddd9,,Scale,0.0%,0,0.000000,0.000000,0.000000,0.000000,hidden,,,,,,,,,
1,00 SLABS - SL8B-1,3,1,,,1,,,Construct,,,,,a4b70025-d3b7-5cfe-88b1-07ab22dd3320,,Scale,0.0%,0,0.000000,0.000000,0.000000,0.000000,hidden,,,,,,,,,
1,00 SLABS - SL3-28,3,1,,,1,,,Construct,,,,,439f39ce-a93b-58cb-9bad-9a1c8bf0e3ea,,Scale,0.0%,0,0.000000,0.000000,0.000000,0.000000,hidden,,,,,,,,,
1,00 SLABS - SL3-27,3,1,,,1,,,Construct,,,,,0935700c-6408-5784-bf16-367bc61897a6,,Scale,0.0%,0,0.000000,0.000000,0.000000,0.000000,hidden,,,,,,,,,
1,00 SLABS - SL3-26,3,1,,,1,,,Construct,,,,,f0963406-0691-52ea-91ae-51916b92a05c,,Scale,0.0%,0,0.000000,0.000000,0.000000,0.000000,hidden,,,,,,,,,
1,00 SLABS - SL3-25,3,1,,,1,,,Construct,,,,,c7a2b3ce-317b-5927-96bb-8ba8349ca32b,,Scale,0.0%,0,0.000000,0.000000,0.000000,0.000000,hidden,,,,,,,,,
1,00 SLABS - SL3-24,3,1,,,1,,,Construct,,,,,81f335c8-4040-51b9-ab9b-7d20a4ae59a0,,Scale,0.0%,0,0.000000,0.000000,0.000000,0.000000,hidden,,,,,,,,,
1,00 SLABS - SL3-23,3,1,,,1,,,Construct,,,,,0362eccf-865c-5077-8402-bb5894798182,,Scale,0.0%,0,0.000000,0.000000,0.000000,0.000000,hidden,,,,,,,,,
1,00 SLABS - SL3-22,3,1,,,1,,,Construct,,,,,3c509be0-abb9-5561-81b4-b27690626347,,Scale,0.0%,0,0.000000,0.000000,0.000000,0.000000,hidden,,,,,,,,,
1,00 SLABS - SL3-21,3,1,,,1,,,Construct,,,,,4f37eaf7-7ee0-5f98-8d04-98745f857842,,Scale,0.0%,0,0.000000,0.000000,0.000000,0.000000,hidden,,,,,,,,,
1,00 SLABS - SL3-20,3,1,,,1,,,Construct,,,,,3bbf013d-d187-5300-8a27-6e5612f7f637,,Scale,0.0%,0,0.000000,0.000000,0.000000,0.000000,hidden,,,,,,,,,
1,00 SLABS - SL3-19,3,1,,,1,,,Construct,,,,,51c8a66c-5c66-5ec3-8861-b9bc46c2c8e2,,Scale,0.0%,0,0.000000,0.000000,0.000000,0.000000,hidden,,,,,,,,,
1,00 SLABS - SL3-18,3,1,,,1,,,Construct,,,,,8f269b5f-9c4d-51fe-9c89-4cbe9ac5ca9a,,Scale,0.0%,0,0.000000,0.000000,0.000000,0.000000,hidden,,,,,,,,,
1,00 SLABS - SL3-17,3,1,,,1,,,Construct,,,,,73894e55-9c53-53d1-8602-969fd186bf31,,Scale,0.0%,0,0.000000,0.000000,0.000000,0.000000,hidden,,,,,,,,,
1,00 SLABS - SL3-16,3,1,,,1,,,Construct,,,,,541a16f6-4427-5081-8903-fa192da3d75a,,Scale,0.0%,0,0.000000,0.000000,0.000000,0.000000,hidden,,,,,,,,,
1,00 SLABS - SL3-15,3,1,,,1,,,Construct,,,,,a546720f-7c11-5146-bd9f-c2b67c81cbea,,Scale,0.0%,0,0.000000,0.000000,0.000000,0.000000,hidden,,,,,,,,,
1,00 SLABS - SL3-14,3,1,,,1,,,Construct,,,,,daa01bd7-6f04-573f-be0e-165c4bd25378,,Scale,0.0%,0,0.000000,0.000000,0.000000,0.000000,hidden,,,,,,,,,
1,00 SLABS - SL3-13,3,1,,,1,,,Construct,,,,,2d45f6ed-4d93-5d87-b598-f48f83de58c4,,Scale,0.0%,0,0.000000,0.000000,0.000000,0.000000,hidden,,,,,,,,,
1,00 SLABS - SL3-12,3,1,,,1,,,Construct,,,,,36b35c99-4298-56d6-b8d4-bc4123b0554d,,Scale,0.0%,0,0.000000,0.000000,0.000000,0.000000,hidden,,,,,,,,,
1,00 SLABS - SL3-11,3,1,,,1,,,Construct,,,,,9cee5a83-3666-54c3-adb7-6ef8abf6eb7b,,Scale,0.0%,0,0.000000,0.000000,0.000000,0.000000,hidden,,,,,,,,,
1,00 SLABS - SL3-10,3,1,,,1,,,Construct,,,,,af09eca7-b151-57c0-b7ce-a483cfef9167,,Scale,0.0%,0,0.000000,0.000000,0.000000,0.000000,hidden,,,,,,,,,
1,00 SLABS - SL3-9,3,1,,,1,,,Construct,,,,,627c0ae7-fd5b-56d8-8156-9ece31ea690b,,Scale,0.0%,0,0.000000,0.000000,0.000000,0.000000,hidden,,,,,,,,,
1,00 SLABS - SL3-8,3,1,,,1,,,Construct,,,,,4c837874-da6b-5ad5-b9eb-e11efd061a15,,Scale,0.0%,0,0.000000,0.000000,0.000000,0.000000,hidden,,,,,,,,,
1,00 SLABS - SL3-7,3,1,,,1,,,Construct,,,,,cb0d3931-dc8d-5807-882f-69b2a9c23882,,Scale,0.0%,0,0.000000,0.000000,0.000000,0.000000,hidden,,,,,,,,,
1,00 SLABS - SL3-6,3,1,,,1,,,Construct,,,,,0b44fe5c-0a18-5469-a0d1-9c072234eb00,,Scale,0.0%,0,0.000000,0.000000,0.000000,0.000000,hidden,,,,,,,,,
1,00 SLABS - SL3-5,3,1,,,1,,,Construct,,,,,5aeb05d9-b7f4-5900-bac3-af60d2cb67f6,,Scale,0.0%,0,0.000000,0.000000,0.000000,0.000000,hidden,,,,,,,,,
1,00 SLABS - SL3-4,3,1,,,1,,,Construct,,,,,1b2816b0-e5ee-5c75-bcff-6a7dccf353a4,,Scale,0.0%,0,0.000000,0.000000,0.000000,0.000000,hidden,,,,,,,,,
1,00 SLABS - SL3-3,3,1,,,1,,,Construct,,,,,7937c0c5-0b13-55d8-a392-cb461b5ad17a,,Scale,0.0%,0,0.000000,0.000000,0.000000,0.000000,hidden,,,,,,,,,
1,00 SLABS - SL3-2,3,1,,,1,,,Construct,,,,,57f9158d-2afe-562a-b892-a9c034b689ce,,Scale,0.0%,0,0.000000,0.000000,0.000000,0.000000,hidden,,,,,,,,,
1,00 SLABS - SL3-1,3,1,,,1,,,Construct,,,,,65fc3770-8272-5160-a85b-29e34545f0a3,,Scale,0.0%,0,0.000000,0.000000,0.000000,0.000000,hidden,,,,,,,,,
1,00 SLABS - SL7A-2,3,1,,,1,,,Construct,,,,,b53a6fea-5699-504f-b6cd-3639ac5bec50,,Scale,0.0%,0,0.000000,0.000000,0.000000,0.000000,hidden,,,,,,,,,
1,00 SLABS - SL7A-1,3,1,,,1,,,Construct,,,,,ff4377f1-d1ed-512f-8f57-916b4065281f,,Scale,0.0%,0,0.000000,0.000000,0.000000,0.000000,hidden,,,,,,,,,
1,00 SLABS - SL7B-2,3,1,,,1,,,Construct,,,,,ca8fbb65-19b5-5499-b5d3-87fed31a3b80,,Scale,0.0%,0,0.000000,0.000000,0.000000,0.000000,hidden,,,,,,,,,
1,00 SLABS - SL7B-1,3,1,,,1,,,Construct,,,,,10797492-bcf0-5be5-b438-88ef5104cd7f,,Scale,0.0%,0,0.000000,0.000000,0.000000,0.000000,hidden,,,,,,,,,
1,00 SLABS - SL4A-2,3,1,,,1,,,Construct,,,,,bb3d9eb1-231f-5f53-b650-955f5339d568,,Scale,0.0%,0,0.000000,0.000000,0.000000,0.000000,hidden,,,,,,,,,
1,00 SLABS - SL4A-1,3,1,,,1,,,Construct,,,,,adee0fd0-51c3-5b09-85cb-79e564029d33,,Scale,0.0%,0,0.000000,0.000000,0.000000,0.000000,hidden,,,,,,,,,
1,00 SLABS - SL4B-2,3,1,,,1,,,Construct,,,,,b5c7fb6b-47d2-554f-8137-b390c2cb2a47,,Scale,0.0%,0,0.000000,0.000000,0.000000,0.000000,hidden,,,,,,,,,
1,00 SLABS - SL4B-1,3,1,,,1,,,Construct,,,,,88b5248b-e60b-5985-a3ba-c5e0f947a940,,Scale,0.0%,0,0.000000,0.000000,0.000000,0.000000,hidden,,,,,,,,,
1,00 SLABS - SL2-28,3,1,,,1,,,Construct,,,,,096872f0-2a9f-59a2-a26d-cc0dfc69561f,,Scale,0.0%,0,0.000000,0.000000,0.000000,0.000000,hidden,,,,,,,,,
1,00 SLABS - SL2-27,3,1,,,1,,,Construct,,,,,065f4d88-b306-5c91-9a78-b0a68efad622,,Scale,0.0%,0,0.000000,0.000000,0.000000,0.000000,hidden,,,,,,,,,
1,00 SLABS - SL2-26,3,1,,,1,,,Construct,,,,,4541d371-a475-5424-b2c4-b9d495d6e577,,Scale,0.0%,0,0.000000,0.000000,0.000000,0.000000,hidden,,,,,,,,,
1,00 SLABS - SL2-25,3,1,,,1,,,Construct,,,,,24d00be7-7211-505e-8547-7997c860ca6f,,Scale,0.0%,0,0.000000,0.000000,0.000000,0.000000,hidden,,,,,,,,,
1,00 SLABS - SL2-24,3,1,,,1,,,Construct,,,,,c6246988-af5c-51f0-abc6-41623abdd5c6,,Scale,0.0%,0,0.000000,0.000000,0.000000,0.000000,hidden,,,,,,,,,
1,00 SLABS - SL2-23,3,1,,,1,,,Construct,,,,,22429777-55a9-5202-9672-bca016c79728,,Scale,0.0%,0,0.000000,0.000000,0.000000,0.000000,hidden,,,,,,,,,
1,00 SLABS - SL2-22,3,1,,,1,,,Construct,,,,,bda1c0ed-f985-5f2b-bb74-b2d9f3bb3290,,Scale,0.0%,0,0.000000,0.000000,0.000000,0.000000,hidden,,,,,,,,,
1,00 SLABS - SL2-21,3,1,,,1,,,Construct,,,,,f3a23422-6c84-5bd6-bdc1-04c87ceeef3a,,Scale,0.0%,0,0.000000,0.000000,0.000000,0.000000,hidden,,,,,,,,,
1,00 SLABS - SL2-20,3,1,,,1,,,Construct,,,,,aeea4f6e-a985-5097-adfd-ec0cc0ed4982,,Scale,0.0%,0,0.000000,0.000000,0.000000,0.000000,hidden,,,,,,,,,
1,00 SLABS - SL2-19,3,1,,,1,,,Construct,,,,,87e4b3ac-d6a6-51f2-bacb-41ba4b24a8dc,,Scale,0.0%,0,0.000000,0.000000,0.000000,0.000000,hidden,,,,,,,,,
1,00 SLABS - SL2-18,3,1,,,1,,,Construct,,,,,14179b83-5fbd-502c-86d6-baa27cd314da,,Scale,0.0%,0,0.000000,0.000000,0.000000,0.000000,hidden,,,,,,,,,
1,00 SLABS - SL2-17,3,1,,,1,,,Construct,,,,,2bbcf4c4-ce06-5abb-8210-9fb53a21f5eb,,Scale,0.0%,0,0.000000,0.000000,0.000000,0.000000,hidden,,,,,,,,,
1,00 SLABS - SL2-16,3,1,,,1,,,Construct,,,,,dcb3e3f2-21e6-5e05-b5a0-f9656f567326,,Scale,0.0%,0,0.000000,0.000000,0.000000,0.000000,hidden,,,,,,,,,
1,00 SLABS - SL2-15,3,1,,,1,,,Construct,,,,,b87af2b5-78d2-57ad-8538-1c11f2bee98d,,Scale,0.0%,0,0.000000,0.000000,0.000000,0.000000,hidden,,,,,,,,,
1,00 SLABS - SL2-14,3,1,,,1,,,Construct,,,,,82ad101b-6628-54e1-8ad8-4e5127c1ee00,,Scale,0.0%,0,0.000000,0.000000,0.000000,0.000000,hidden,,,,,,,,,
1,00 SLABS - SL2-13,3,1,,,1,,,Construct,,,,,f59f1688-3a9c-5cb4-b0be-0bee587e6ca0,,Scale,0.0%,0,0.000000,0.000000,0.000000,0.000000,hidden,,,,,,,,,
1,00 SLABS - SL2-12,3,1,,,1,,,Construct,,,,,c26a2d69-cdd9-5b04-80eb-12a52195efc6,,Scale,0.0%,0,0.000000,0.000000,0.000000,0.000000,hidden,,,,,,,,,
1,00 SLABS - SL2-11,3,1,,,1,,,Construct,,,,,20bf0417-a331-518a-98a4-8bc0a254a366,,Scale,0.0%,0,0.000000,0.000000,0.000000,0.000000,hidden,,,,,,,,,
1,00 SLABS - SL2-10,3,1,,,1,,,Construct,,,,,f2cde5db-805c-5f22-a7b3-e85c9ac641df,,Scale,0.0%,0,0.000000,0.000000,0.000000,0.000000,hidden,,,,,,,,,
1,00 SLABS - SL2-9,3,1,,,1,,,Construct,,,,,b6e4f9e4-6015-517c-9b89-c686de7fec1b,,Scale,0.0%,0,0.000000,0.000000,0.000000,0.000000,hidden,,,,,,,,,
1,00 SLABS - SL2-8,3,1,,,1,,,Construct,,,,,b74e1dea-bae3-50ee-984a-b88870e75056,,Scale,0.0%,0,0.000000,0.000000,0.000000,0.000000,hidden,,,,,,,,,
1,00 SLABS - SL2-7,3,1,,,1,,,Construct,,,,,93c5dfe1-d968-5eeb-9518-2b97e2b715b2,,Scale,0.0%,0,0.000000,0.000000,0.000000,0.000000,hidden,,,,,,,,,
1,00 SLABS - SL2-6,3,1,,,1,,,Construct,,,,,ecc23e3f-7dd9-5f9b-b854-cb3dab2c5f4b,,Scale,0.0%,0,0.000000,0.000000,0.000000,0.000000,hidden,,,,,,,,,
1,00 SLABS - SL2-5,3,1,,,1,,,Construct,,,,,7b2a6356-0161-51dc-8241-1ac3db8f3c30,,Scale,0.0%,0,0.000000,0.000000,0.000000,0.000000,hidden,,,,,,,,,
1,00 SLABS - SL2-4,3,1,,,1,,,Construct,,,,,9ff36789-57e4-5b6f-aa20-e676da745197,,Scale,0.0%,0,0.000000,0.000000,0.000000,0.000000,hidden,,,,,,,,,
1,00 SLABS - SL2-3,3,1,,,1,,,Construct,,,,,e3be28e7-36d3-588f-bdb7-dcecaa51b23c,,Scale,0.0%,0,0.000000,0.000000,0.000000,0.000000,hidden,,,,,,,,,
1,00 SLABS - SL2-2,3,1,,,1,,,Construct,,,,,3a574e70-ec61-5b69-bc0b-0771ed4d83c4,,Scale,0.0%,0,0.000000,0.000000,0.000000,0.000000,hidden,,,,,,,,,
1,00 SLABS - SL2-1,3,1,,,1,,,Construct,,,,,cc90b378-06fd-538c-b9d6-7dcb435e68fd,,Scale,0.0%,0,0.000000,0.000000,0.000000,0.000000,hidden,,,,,,,,,
1,HPDA.CON.CP.10090,2,1,,,1,24/09/2023,09/10/2023,,,,,,Placing of Insitu Concrete for Pavement,,Scale,0.0%,0,0.000000,0.000000,0.000000,0.000000,,,,,,,,,,
1,00 IN SITU CONCRETE - SLAB-1,3,1,,,1,,,Construct,,,,,dfc0dc26-29e6-5783-a785-44085bcde853,,Scale,0.0%,0,0.000000,0.000000,0.000000,0.000000,hidden,,,,,,,,,
1,HPDA.CON.CP.10100,2,1,,,1,03/10/2023,23/10/2023,,,,,,Concrete Finishing Works,,Scale,0.0%,0,0.000000,0.000000,0.000000,0.000000,,,,,,,,,,
1,HPDA.CON.CP.10101,2,1,,,1,20/10/2023,30/10/2023,,,,,,Removal of Working Platform and Beach Profile adjoining the Pier,,Scale,0.0%,0,0.000000,0.000000,0.000000,0.000000,,,,,,,,,,
1,BARRIERS,1,1,,,1,16/10/2023,30/10/2023,,,,,,,,Scale,0.0%,0,0.000000,0.000000,0.000000,0.000000,,,,,,,,,,
1,HPDA.CON.BR.10000,2,1,,,1,16/10/2023,30/10/2023,,,,,,Installation of Swimming Lines,,Scale,0.0%,0,0.000000,0.000000,0.000000,0.000000,,,,,,,,,,
1,HPDA.CON.BR.10010,2,1,,,1,16/10/2023,30/10/2023,,,,,,Installation of Jet Ski Barrier,,Scale,0.0%,0,0.000000,0.000000,0.000000,0.000000,,,,,,,,,,
